cash_mode,offset,cost_bps,period,rule,cycles,high_positive_n,high_negative_n,high_positive_participation,rebound_participation,rebound_n,high_missed_upside,high_downside_avoided,missed_upside_per_downside_avoided,all_positive_participation,all_negative_participation
PROXY,0,0,ALL,VOL,1017,56,43,0.4166167486755689,0.40347260714977284,18,1.1853517958056325,0.8584806029602351,1.3807554785958724,0.7698991676125048,0.7614487534730492
PROXY,0,0,GFC,VOL,151,8,8,0.3077377083222905,0.301658378619731,3,0.19906632848051198,0.3564200747494579,0.5585160393124426,0.6648312261151436,0.6049523252080731
PROXY,0,0,2011,VOL,49,2,0,0.4087985106682277,0.3856579391554429,1,0.06036046662148703,0.0,,0.6959293519134389,0.7674761202295702
PROXY,0,0,2015_2016,VOL,100,3,3,0.45885033216026927,0.4339878085468425,1,0.025840012372555465,0.03264085442016408,0.7916463227320619,0.856277608074355,0.8977074006592124
PROXY,0,0,2018Q4,VOL,11,3,3,0.47948568823754834,0.5600363909172271,1,0.05144533891637477,0.0563227839507884,0.9134019185082317,0.5497559743166432,0.680359389270968
PROXY,0,0,COVID,VOL,18,7,5,0.33435256424810017,0.39737849752915183,3,0.2337440821287968,0.15130136484471585,1.5448907706066886,0.39288280584942487,0.5814101604218488
PROXY,0,0,2022,VOL,49,11,15,0.46548009637369003,0.46170091868180313,3,0.22867123604560818,0.19985458684235968,1.1441880802364488,0.5162092625237747,0.601279955359464
PROXY,0,0,2023_PLUS,VOL,182,10,5,0.45103346235312214,0.32456982391239286,2,0.2031503421825187,0.01769806305864314,11.478676593555639,0.784374155131632,0.8246087484986637
PROXY,0,0,2024_PLUS,VOL,132,9,4,0.4496857990626394,0.32456982391239286,2,0.2007273353506519,0.009388832718350597,21.379370723937566,0.7719150511416307,0.8164975470643878
PROXY,0,0,EX_MAJOR_SHOCKS,VOL,793,30,15,0.45731996913000916,0.39995080226926105,9,0.5238701491507156,0.1509045765237017,3.4715325487059325,0.8290147516347113,0.8502822014540667
PROXY,0,0,ALL,CORE_VOL,1017,56,43,0.7083083743377844,0.7017363035748864,18,0.5926758979028164,0.42924030148011755,1.3807554785958727,0.8849495838062524,0.8807243767365246
PROXY,0,0,GFC,CORE_VOL,151,8,8,0.6538688541611453,0.6508291893098654,3,0.099533164240256,0.17821003737472893,0.5585160393124428,0.8324156130575718,0.8024761626040365
PROXY,0,0,2011,CORE_VOL,49,2,0,0.7043992553341137,0.6928289695777213,1,0.030180233310743525,0.0,,0.8479646759567193,0.8837380601147853
PROXY,0,0,2015_2016,CORE_VOL,100,3,3,0.7294251660801345,0.7169939042734212,1,0.01292000618627774,0.016320427210082047,0.791646322732062,0.9281388040371775,0.9488537003296063
PROXY,0,0,2018Q4,CORE_VOL,11,3,3,0.7397428441187742,0.7800181954586134,1,0.025722669458187384,0.028161391975394207,0.9134019185082315,0.7748779871583217,0.8401796946354839
PROXY,0,0,COVID,CORE_VOL,18,7,5,0.66717628212405,0.6986892487645758,3,0.11687204106439841,0.07565068242235792,1.5448907706066888,0.6964414029247123,0.7907050802109244
PROXY,0,0,2022,CORE_VOL,49,11,15,0.7327400481868451,0.7308504593409016,3,0.11433561802280408,0.09992729342117984,1.1441880802364488,0.7581046312618874,0.8006399776797319
PROXY,0,0,2023_PLUS,CORE_VOL,182,10,5,0.725516731176561,0.6622849119561963,2,0.10157517109125935,0.00884903152932157,11.478676593555639,0.8921870775658158,0.9123043742493319
PROXY,0,0,2024_PLUS,CORE_VOL,132,9,4,0.7248428995313196,0.6622849119561963,2,0.10036366767532597,0.0046944163591753,21.379370723937562,0.8859575255708155,0.9082487735321941
PROXY,0,0,EX_MAJOR_SHOCKS,CORE_VOL,793,30,15,0.7286599845650045,0.6999754011346305,9,0.2619350745753578,0.07545228826185088,3.471532548705931,0.9145073758173557,0.9251411007270334
PROXY,0,1,ALL,VOL,1017,56,43,0.4166167486755689,0.40347260714977284,18,1.1853517958056325,0.8584806029602351,1.3807554785958724,0.7698991676125048,0.7614487534730492
PROXY,0,1,GFC,VOL,151,8,8,0.3077377083222905,0.301658378619731,3,0.19906632848051198,0.3564200747494579,0.5585160393124426,0.6648312261151436,0.6049523252080731
PROXY,0,1,2011,VOL,49,2,0,0.4087985106682277,0.3856579391554429,1,0.06036046662148703,0.0,,0.6959293519134389,0.7674761202295702
PROXY,0,1,2015_2016,VOL,100,3,3,0.45885033216026916,0.4339878085468424,1,0.025840012372555468,0.03264085442016408,0.791646322732062,0.856277608074355,0.8977074006592124
PROXY,0,1,2018Q4,VOL,11,3,3,0.47948568823754834,0.560036390917227,1,0.05144533891637478,0.056322783950788394,0.913401918508232,0.5497559743166432,0.680359389270968
PROXY,0,1,COVID,VOL,18,7,5,0.33435256424810017,0.3973784975291519,3,0.2337440821287968,0.15130136484471585,1.5448907706066886,0.39288280584942487,0.5814101604218488
PROXY,0,1,2022,VOL,49,11,15,0.4654800963736899,0.46170091868180313,3,0.22867123604560818,0.19985458684235968,1.1441880802364488,0.5162092625237746,0.601279955359464
PROXY,0,1,2023_PLUS,VOL,182,10,5,0.45103346235312214,0.3245698239123928,2,0.2031503421825187,0.017698063058643146,11.478676593555633,0.784374155131632,0.8246087484986637
PROXY,0,1,2024_PLUS,VOL,132,9,4,0.44968579906263934,0.3245698239123928,2,0.2007273353506519,0.009388832718350603,21.37937072393755,0.7719150511416307,0.8164975470643878
PROXY,0,1,EX_MAJOR_SHOCKS,VOL,793,30,15,0.4573199691300091,0.39995080226926094,9,0.5238701491507156,0.15090457652370173,3.471532548705932,0.8290147516347113,0.8502822014540667
PROXY,0,1,ALL,CORE_VOL,1017,56,43,0.7083083743377844,0.7017363035748864,18,0.5926758979028163,0.4292403014801176,1.3807554785958722,0.8849495838062524,0.8807243767365246
PROXY,0,1,GFC,CORE_VOL,151,8,8,0.6538688541611452,0.6508291893098654,3,0.09953316424025602,0.1782100373747289,0.558516039312443,0.8324156130575718,0.8024761626040366
PROXY,0,1,2011,CORE_VOL,49,2,0,0.7043992553341138,0.6928289695777213,1,0.03018023331074352,0.0,,0.8479646759567193,0.8837380601147853
PROXY,0,1,2015_2016,CORE_VOL,100,3,3,0.7294251660801346,0.7169939042734211,1,0.012920006186277732,0.016320427210082037,0.7916463227320621,0.9281388040371775,0.9488537003296064
PROXY,0,1,2018Q4,CORE_VOL,11,3,3,0.7397428441187742,0.7800181954586137,1,0.02572266945818738,0.02816139197539421,0.9134019185082313,0.7748779871583217,0.8401796946354839
PROXY,0,1,COVID,CORE_VOL,18,7,5,0.66717628212405,0.6986892487645758,3,0.11687204106439843,0.07565068242235792,1.544890770606689,0.6964414029247123,0.7907050802109242
PROXY,0,1,2022,CORE_VOL,49,11,15,0.7327400481868449,0.7308504593409015,3,0.1143356180228041,0.09992729342117986,1.1441880802364488,0.7581046312618874,0.8006399776797319
PROXY,0,1,2023_PLUS,CORE_VOL,182,10,5,0.725516731176561,0.6622849119561964,2,0.10157517109125938,0.008849031529321573,11.478676593555637,0.8921870775658158,0.9123043742493319
PROXY,0,1,2024_PLUS,CORE_VOL,132,9,4,0.7248428995313196,0.6622849119561964,2,0.10036366767532597,0.0046944163591753,21.379370723937562,0.8859575255708154,0.908248773532194
PROXY,0,1,EX_MAJOR_SHOCKS,CORE_VOL,793,30,15,0.7286599845650046,0.6999754011346305,9,0.2619350745753578,0.07545228826185088,3.471532548705931,0.9145073758173555,0.9251411007270334
PROXY,0,3,ALL,VOL,1017,56,43,0.4166167486755689,0.40347260714977284,18,1.1853517958056325,0.8584806029602351,1.3807554785958724,0.7698991676125048,0.7614487534730492
PROXY,0,3,GFC,VOL,151,8,8,0.3077377083222906,0.30165837861973105,3,0.19906632848051198,0.3564200747494579,0.5585160393124426,0.6648312261151437,0.6049523252080731
PROXY,0,3,2011,VOL,49,2,0,0.4087985106682277,0.3856579391554429,1,0.06036046662148703,0.0,,0.6959293519134389,0.7674761202295702
PROXY,0,3,2015_2016,VOL,100,3,3,0.45885033216026927,0.43398780854684244,1,0.025840012372555465,0.03264085442016408,0.7916463227320619,0.8562776080743552,0.8977074006592124
PROXY,0,3,2018Q4,VOL,11,3,3,0.4794856882375484,0.560036390917227,1,0.05144533891637477,0.0563227839507884,0.9134019185082317,0.5497559743166434,0.680359389270968
PROXY,0,3,COVID,VOL,18,7,5,0.33435256424810017,0.3973784975291519,3,0.2337440821287968,0.15130136484471585,1.5448907706066886,0.39288280584942487,0.5814101604218488
PROXY,0,3,2022,VOL,49,11,15,0.4654800963736899,0.46170091868180313,3,0.22867123604560816,0.19985458684235968,1.1441880802364488,0.5162092625237747,0.601279955359464
PROXY,0,3,2023_PLUS,VOL,182,10,5,0.45103346235312214,0.32456982391239286,2,0.2031503421825187,0.017698063058643146,11.478676593555633,0.784374155131632,0.8246087484986637
PROXY,0,3,2024_PLUS,VOL,132,9,4,0.44968579906263934,0.32456982391239286,2,0.2007273353506519,0.009388832718350601,21.379370723937555,0.7719150511416307,0.8164975470643878
PROXY,0,3,EX_MAJOR_SHOCKS,VOL,793,30,15,0.4573199691300091,0.39995080226926094,9,0.5238701491507156,0.15090457652370173,3.471532548705932,0.8290147516347113,0.8502822014540667
PROXY,0,3,ALL,CORE_VOL,1017,56,43,0.7083083743377844,0.7017363035748865,18,0.5926758979028164,0.42924030148011755,1.3807554785958727,0.8849495838062524,0.8807243767365246
PROXY,0,3,GFC,CORE_VOL,151,8,8,0.6538688541611453,0.6508291893098654,3,0.099533164240256,0.17821003737472893,0.5585160393124428,0.8324156130575718,0.8024761626040365
PROXY,0,3,2011,CORE_VOL,49,2,0,0.7043992553341138,0.6928289695777216,1,0.030180233310743508,0.0,,0.8479646759567195,0.8837380601147853
PROXY,0,3,2015_2016,CORE_VOL,100,3,3,0.7294251660801345,0.7169939042734212,1,0.012920006186277744,0.01632042721008204,0.7916463227320627,0.9281388040371775,0.9488537003296063
PROXY,0,3,2018Q4,CORE_VOL,11,3,3,0.7397428441187742,0.7800181954586136,1,0.025722669458187384,0.028161391975394193,0.9134019185082319,0.7748779871583217,0.8401796946354839
PROXY,0,3,COVID,CORE_VOL,18,7,5,0.66717628212405,0.6986892487645759,3,0.11687204106439839,0.07565068242235791,1.5448907706066886,0.6964414029247123,0.7907050802109246
PROXY,0,3,2022,CORE_VOL,49,11,15,0.7327400481868451,0.7308504593409016,3,0.11433561802280408,0.09992729342117987,1.1441880802364484,0.7581046312618874,0.8006399776797319
PROXY,0,3,2023_PLUS,CORE_VOL,182,10,5,0.7255167311765609,0.6622849119561962,2,0.10157517109125938,0.00884903152932157,11.478676593555642,0.8921870775658158,0.9123043742493319
PROXY,0,3,2024_PLUS,CORE_VOL,132,9,4,0.7248428995313196,0.6622849119561962,2,0.10036366767532598,0.0046944163591753,21.379370723937566,0.8859575255708155,0.908248773532194
PROXY,0,3,EX_MAJOR_SHOCKS,CORE_VOL,793,30,15,0.7286599845650045,0.6999754011346305,9,0.26193507457535786,0.07545228826185085,3.4715325487059334,0.9145073758173557,0.9251411007270334
PROXY,1,0,ALL,VOL,1017,57,41,0.42111000444128893,0.4084070086260096,24,1.2023220302038173,0.9865075061905842,1.2187662259627448,0.7659589059462258,0.7565743480219378
PROXY,1,0,GFC,VOL,150,5,10,0.26684284269618996,0.23749610141130656,2,0.19813262900899406,0.3942456064016902,0.5025614129663123,0.6526243784167567,0.6126727461877026
PROXY,1,0,2011,VOL,49,1,0,0.369180162795282,,0,0.006603146248490927,0.0,,0.7155912308848669,0.7777317297487822
PROXY,1,0,2015_2016,VOL,100,5,4,0.4356609025333326,0.47682398202009335,3,0.0693725243211442,0.034281910689587594,2.023589786149657,0.8538255202000351,0.8860825915230645
PROXY,1,0,2018Q4,VOL,11,3,3,0.5290843999101783,0.45549378450051964,1,0.05565403506516471,0.07528414675401991,0.7392530494767543,0.5317624182938558,0.6416731282613485
PROXY,1,0,COVID,VOL,18,7,4,0.33487465345951,0.2393247637088047,2,0.19728852900416882,0.09457839942206225,2.0859787246319947,0.4107800755105795,0.6155076032907155
PROXY,1,0,2022,VOL,49,14,11,0.48191000291467845,0.4927986377915547,8,0.27610047326698,0.2649320654032735,1.042155742253042,0.509064690699068,0.5818724022072503
PROXY,1,0,2023_PLUS,VOL,182,11,3,0.4344057912829396,0.39451587349454,1,0.2468455124498474,0.022775399807063824,10.838251558301423,0.7733452121324976,0.8183453757218866
PROXY,1,0,2024_PLUS,VOL,132,11,2,0.4344057912829396,0.39451587349454,1,0.2468455124498474,0.018781617380389515,13.142931593718156,0.7511511099136227,0.805146878313153
PROXY,1,0,EX_MAJOR_SHOCKS,VOL,794,31,16,0.4567925337425838,0.4779120068201803,12,0.5308003989236746,0.23275143496355835,2.280546193009643,0.825771168839309,0.8416542319385345
PROXY,1,0,ALL,CORE_VOL,1017,57,41,0.7105550022206445,0.7042035043130048,24,0.6011610151019087,0.49325375309529207,1.2187662259627448,0.882979452973113,0.878287174010969
PROXY,1,0,GFC,CORE_VOL,150,5,10,0.6334214213480951,0.6187480507056533,2,0.09906631450449703,0.1971228032008451,0.5025614129663123,0.8263121892083783,0.8063363730938513
PROXY,1,0,2011,CORE_VOL,49,1,0,0.684590081397641,,0,0.0033015731242454637,0.0,,0.8577956154424334,0.8888658648743911
PROXY,1,0,2015_2016,CORE_VOL,100,5,4,0.7178304512666662,0.7384119910100466,3,0.03468626216057211,0.017140955344793797,2.0235897861496572,0.9269127601000177,0.9430412957615323
PROXY,1,0,2018Q4,CORE_VOL,11,3,3,0.7645421999550892,0.7277468922502598,1,0.027827017532582356,0.03764207337700996,0.7392530494767542,0.7658812091469279,0.8208365641306743
PROXY,1,0,COVID,CORE_VOL,18,7,4,0.667437326729755,0.6196623818544024,2,0.09864426450208442,0.04728919971103113,2.085978724631995,0.7053900377552899,0.8077538016453578
PROXY,1,0,2022,CORE_VOL,49,14,11,0.7409550014573393,0.7463993188957775,8,0.13805023663348998,0.13246603270163673,1.042155742253042,0.7545323453495342,0.7909362011036251
PROXY,1,0,2023_PLUS,CORE_VOL,182,11,3,0.7172028956414698,0.6972579367472701,1,0.12342275622492369,0.01138769990353191,10.838251558301423,0.8866726060662489,0.9091726878609436
PROXY,1,0,2024_PLUS,CORE_VOL,132,11,2,0.7172028956414698,0.6972579367472701,1,0.12342275622492369,0.009390808690194756,13.142931593718158,0.8755755549568114,0.9025734391565766
PROXY,1,0,EX_MAJOR_SHOCKS,CORE_VOL,794,31,16,0.728396266871292,0.7389560034100902,12,0.2654001994618373,0.11637571748177916,2.2805461930096436,0.9128855844196548,0.9208271159692674
PROXY,1,1,ALL,VOL,1017,57,41,0.42111000444128893,0.4084070086260096,24,1.2023220302038176,0.9865075061905844,1.2187662259627448,0.7659589059462258,0.7565743480219377
PROXY,1,1,GFC,VOL,150,5,10,0.26684284269618996,0.23749610141130656,2,0.1981326290089941,0.3942456064016902,0.5025614129663124,0.6526243784167567,0.6126727461877027
PROXY,1,1,2011,VOL,49,1,0,0.36918016279528193,,0,0.006603146248490927,0.0,,0.7155912308848669,0.7777317297487822
PROXY,1,1,2015_2016,VOL,100,5,4,0.43566090253333256,0.47682398202009335,3,0.06937252432114421,0.034281910689587594,2.0235897861496572,0.8538255202000351,0.8860825915230645
PROXY,1,1,2018Q4,VOL,11,3,3,0.5290843999101783,0.4554937845005196,1,0.05565403506516471,0.07528414675401991,0.7392530494767543,0.5317624182938558,0.6416731282613485
PROXY,1,1,COVID,VOL,18,7,4,0.33487465345951,0.2393247637088047,2,0.19728852900416882,0.09457839942206228,2.0859787246319943,0.4107800755105794,0.6155076032907155
PROXY,1,1,2022,VOL,49,14,11,0.48191000291467845,0.4927986377915547,8,0.27610047326697995,0.26493206540327346,1.042155742253042,0.509064690699068,0.5818724022072503
PROXY,1,1,2023_PLUS,VOL,182,11,3,0.4344057912829396,0.39451587349454,1,0.24684551244984743,0.022775399807063824,10.838251558301424,0.7733452121324976,0.8183453757218866
PROXY,1,1,2024_PLUS,VOL,132,11,2,0.4344057912829396,0.39451587349454,1,0.24684551244984743,0.018781617380389515,13.142931593718158,0.7511511099136227,0.805146878313153
PROXY,1,1,EX_MAJOR_SHOCKS,VOL,794,31,16,0.45679253374258366,0.4779120068201803,12,0.5308003989236746,0.23275143496355835,2.280546193009643,0.825771168839309,0.8416542319385345
PROXY,1,1,ALL,CORE_VOL,1017,57,41,0.7105550022206445,0.7042035043130048,24,0.6011610151019087,0.4932537530952921,1.2187662259627448,0.882979452973113,0.878287174010969
PROXY,1,1,GFC,CORE_VOL,150,5,10,0.6334214213480951,0.6187480507056533,2,0.09906631450449703,0.1971228032008451,0.5025614129663123,0.8263121892083783,0.8063363730938512
PROXY,1,1,2011,CORE_VOL,49,1,0,0.6845900813976411,,0,0.003301573124245463,0.0,,0.8577956154424334,0.8888658648743911
PROXY,1,1,2015_2016,CORE_VOL,100,5,4,0.7178304512666664,0.7384119910100465,3,0.03468626216057209,0.017140955344793804,2.023589786149656,0.9269127601000176,0.9430412957615323
PROXY,1,1,2018Q4,CORE_VOL,11,3,3,0.7645421999550892,0.7277468922502598,1,0.02782701753258235,0.037642073377009956,0.7392530494767541,0.765881209146928,0.8208365641306743
PROXY,1,1,COVID,CORE_VOL,18,7,4,0.667437326729755,0.6196623818544024,2,0.09864426450208441,0.04728919971103114,2.0859787246319943,0.7053900377552899,0.8077538016453578
PROXY,1,1,2022,CORE_VOL,49,14,11,0.7409550014573392,0.7463993188957774,8,0.13805023663348998,0.13246603270163673,1.042155742253042,0.7545323453495342,0.790936201103625
PROXY,1,1,2023_PLUS,CORE_VOL,182,11,3,0.7172028956414698,0.6972579367472698,1,0.12342275622492371,0.011387699903531907,10.838251558301428,0.8866726060662489,0.9091726878609436
PROXY,1,1,2024_PLUS,CORE_VOL,132,11,2,0.7172028956414698,0.6972579367472698,1,0.12342275622492371,0.009390808690194753,13.142931593718165,0.8755755549568114,0.9025734391565764
PROXY,1,1,EX_MAJOR_SHOCKS,CORE_VOL,794,31,16,0.728396266871292,0.7389560034100902,12,0.2654001994618373,0.11637571748177915,2.280546193009644,0.9128855844196546,0.9208271159692674
PROXY,1,3,ALL,VOL,1017,57,41,0.42111000444128893,0.4084070086260096,24,1.2023220302038173,0.9865075061905844,1.2187662259627445,0.7659589059462257,0.7565743480219378
PROXY,1,3,GFC,VOL,150,5,10,0.2668428426961901,0.23749610141130656,2,0.1981326290089941,0.3942456064016902,0.5025614129663124,0.6526243784167568,0.6126727461877027
PROXY,1,3,2011,VOL,49,1,0,0.36918016279528204,,0,0.006603146248490927,0.0,,0.7155912308848669,0.7777317297487822
PROXY,1,3,2015_2016,VOL,100,5,4,0.43566090253333256,0.47682398202009324,3,0.06937252432114421,0.034281910689587594,2.0235897861496572,0.853825520200035,0.8860825915230645
PROXY,1,3,2018Q4,VOL,11,3,3,0.5290843999101781,0.45549378450051975,1,0.055654035065164725,0.07528414675401991,0.7392530494767544,0.5317624182938557,0.6416731282613485
PROXY,1,3,COVID,VOL,18,7,4,0.33487465345951006,0.23932476370880473,2,0.19728852900416882,0.09457839942206227,2.0859787246319947,0.4107800755105795,0.6155076032907156
PROXY,1,3,2022,VOL,49,14,11,0.4819100029146785,0.4927986377915547,8,0.27610047326697995,0.2649320654032735,1.0421557422530419,0.509064690699068,0.5818724022072503
PROXY,1,3,2023_PLUS,VOL,182,11,3,0.4344057912829396,0.3945158734945399,1,0.2468455124498474,0.022775399807063824,10.838251558301423,0.7733452121324976,0.8183453757218866
PROXY,1,3,2024_PLUS,VOL,132,11,2,0.4344057912829396,0.3945158734945399,1,0.2468455124498474,0.018781617380389515,13.142931593718156,0.7511511099136227,0.805146878313153
PROXY,1,3,EX_MAJOR_SHOCKS,VOL,794,31,16,0.45679253374258366,0.4779120068201803,12,0.5308003989236746,0.23275143496355835,2.280546193009643,0.8257711688393091,0.8416542319385345
PROXY,1,3,ALL,CORE_VOL,1017,57,41,0.7105550022206446,0.7042035043130048,24,0.6011610151019087,0.49325375309529207,1.2187662259627448,0.882979452973113,0.8782871740109688
PROXY,1,3,GFC,CORE_VOL,150,5,10,0.633421421348095,0.6187480507056532,2,0.09906631450449706,0.1971228032008451,0.5025614129663125,0.8263121892083783,0.8063363730938513
PROXY,1,3,2011,CORE_VOL,49,1,0,0.684590081397641,,0,0.0033015731242454637,0.0,,0.8577956154424334,0.8888658648743912
PROXY,1,3,2015_2016,CORE_VOL,100,5,4,0.7178304512666662,0.7384119910100468,3,0.03468626216057211,0.017140955344793797,2.0235897861496572,0.9269127601000176,0.9430412957615323
PROXY,1,3,2018Q4,CORE_VOL,11,3,3,0.7645421999550893,0.7277468922502598,1,0.02782701753258234,0.03764207337700996,0.7392530494767536,0.765881209146928,0.8208365641306743
PROXY,1,3,COVID,CORE_VOL,18,7,4,0.667437326729755,0.6196623818544024,2,0.09864426450208438,0.04728919971103111,2.0859787246319947,0.7053900377552899,0.8077538016453577
PROXY,1,3,2022,CORE_VOL,49,14,11,0.7409550014573394,0.7463993188957775,8,0.13805023663348995,0.1324660327016367,1.042155742253042,0.7545323453495342,0.7909362011036251
PROXY,1,3,2023_PLUS,CORE_VOL,182,11,3,0.7172028956414698,0.6972579367472699,1,0.1234227562249237,0.01138769990353191,10.838251558301424,0.8866726060662489,0.9091726878609436
PROXY,1,3,2024_PLUS,CORE_VOL,132,11,2,0.7172028956414698,0.6972579367472699,1,0.1234227562249237,0.009390808690194756,13.142931593718158,0.8755755549568114,0.9025734391565764
PROXY,1,3,EX_MAJOR_SHOCKS,CORE_VOL,794,31,16,0.728396266871292,0.73895600341009,12,0.2654001994618373,0.11637571748177919,2.280546193009643,0.9128855844196546,0.9208271159692674
PROXY,2,0,ALL,VOL,1017,59,46,0.39888279102410995,0.42533530608349357,19,1.2027677870512474,1.1671582841270465,1.030509574758178,0.7629549627833134,0.7438583543803123
PROXY,2,0,GFC,VOL,150,8,9,0.2744517329496875,0.34980979977136295,3,0.29144180368289535,0.4804879843107624,0.6065537811542885,0.6371403113580103,0.5831461480205831
PROXY,2,0,2011,VOL,49,0,1,,,0,0.0,0.035759570775445476,0.0,0.6993462117138501,0.7542627972021247
PROXY,2,0,2015_2016,VOL,100,6,1,0.41206838071565904,0.4725456822435609,2,0.08679293612981981,0.006406149743841498,13.548377668389273,0.8308079078816896,0.8905398379548087
PROXY,2,0,2018Q4,VOL,12,4,4,0.5072938971709607,0.45115288285027566,2,0.03290079636369453,0.07074414349237321,0.46506742098363946,0.5072938971709607,0.6639908743732262
PROXY,2,0,COVID,VOL,17,9,3,0.3172177884529307,0.4405159776589964,3,0.2162234276747727,0.12486828020718432,1.7316121221178815,0.38271264158357815,0.46763738776619224
PROXY,2,0,2022,VOL,50,14,14,0.4589402914260348,0.45434674819832244,4,0.26727002378787623,0.2823976423115015,0.9464314985075598,0.5048959927827057,0.6026388244589784
PROXY,2,0,2023_PLUS,VOL,182,8,5,0.45616014899327617,0.43254972435672295,4,0.1431382409181735,0.05761809520968067,2.484258467713529,0.7954717131260759,0.8191269522205958
PROXY,2,0,2024_PLUS,VOL,132,7,5,0.44393377271062545,0.3641365628767957,3,0.12594741596139214,0.05761809520968067,2.185900375620733,0.7782851172801457,0.7992605881047558
PROXY,2,0,EX_MAJOR_SHOCKS,VOL,794,28,20,0.4574421658723922,0.44570159242915663,9,0.42783253190570325,0.27940437729759826,1.5312305986173282,0.8291310894438082,0.8383281485268143
PROXY,2,0,ALL,CORE_VOL,1017,59,46,0.6994413955120551,0.7126676530417468,19,0.6013838935256237,0.5835791420635232,1.030509574758178,0.8814774813916566,0.8719291771901562
PROXY,2,0,GFC,CORE_VOL,150,8,9,0.6372258664748438,0.6749048998856816,3,0.14572090184144768,0.24024399215538123,0.6065537811542884,0.8185701556790053,0.7915730740102915
PROXY,2,0,2011,CORE_VOL,49,0,1,,,0,0.0,0.017879785387722738,0.0,0.849673105856925,0.8771313986010623
PROXY,2,0,2015_2016,CORE_VOL,100,6,1,0.7060341903578295,0.7362728411217807,2,0.04339646806490989,0.003203074871920749,13.548377668389268,0.9154039539408448,0.9452699189774046
PROXY,2,0,2018Q4,CORE_VOL,12,4,4,0.7536469485854804,0.7255764414251379,2,0.016450398181847264,0.0353720717461866,0.46506742098363957,0.7536469485854804,0.8319954371866133
PROXY,2,0,COVID,CORE_VOL,17,9,3,0.6586088942264654,0.7202579888294981,3,0.10811171383738637,0.06243414010359216,1.7316121221178817,0.6913563207917891,0.7338186938830961
PROXY,2,0,2022,CORE_VOL,50,14,14,0.7294701457130175,0.7271733740991613,4,0.13363501189393814,0.14119882115575075,0.94643149850756,0.752447996391353,0.8013194122294891
PROXY,2,0,2023_PLUS,CORE_VOL,182,8,5,0.728080074496638,0.7162748621783614,4,0.07156912045908678,0.02880904760484034,2.4842584677135293,0.8977358565630381,0.9095634761102979
PROXY,2,0,2024_PLUS,CORE_VOL,132,7,5,0.7219668863553127,0.6820682814383977,3,0.0629737079806961,0.02880904760484034,2.185900375620734,0.8891425586400729,0.8996302940523779
PROXY,2,0,EX_MAJOR_SHOCKS,CORE_VOL,794,28,20,0.7287210829361961,0.7228507962145784,9,0.21391626595285165,0.13970218864879913,1.5312305986173285,0.9145655447219042,0.9191640742634072
PROXY,2,1,ALL,VOL,1017,59,46,0.39888279102410995,0.42533530608349357,19,1.2027677870512476,1.1671582841270465,1.0305095747581783,0.7629549627833134,0.7438583543803123
PROXY,2,1,GFC,VOL,150,8,9,0.2744517329496875,0.34980979977136295,3,0.29144180368289535,0.4804879843107624,0.6065537811542885,0.6371403113580104,0.5831461480205831
PROXY,2,1,2011,VOL,49,0,1,,,0,0.0,0.035759570775445476,0.0,0.6993462117138501,0.7542627972021247
PROXY,2,1,2015_2016,VOL,100,6,1,0.41206838071565904,0.47254568224356086,2,0.08679293612981981,0.006406149743841498,13.548377668389273,0.8308079078816896,0.890539837954809
PROXY,2,1,2018Q4,VOL,12,4,4,0.5072938971709607,0.45115288285027566,2,0.03290079636369453,0.07074414349237321,0.46506742098363946,0.5072938971709607,0.6639908743732262
PROXY,2,1,COVID,VOL,17,9,3,0.3172177884529306,0.4405159776589964,3,0.2162234276747727,0.12486828020718432,1.7316121221178815,0.38271264158357815,0.46763738776619224
PROXY,2,1,2022,VOL,50,14,14,0.4589402914260348,0.45434674819832244,4,0.2672700237878763,0.2823976423115015,0.94643149850756,0.5048959927827057,0.6026388244589784
PROXY,2,1,2023_PLUS,VOL,182,8,5,0.45616014899327617,0.43254972435672284,4,0.14313824091817354,0.057618095209680656,2.4842584677135298,0.7954717131260759,0.8191269522205961
PROXY,2,1,2024_PLUS,VOL,132,7,5,0.4439337727106254,0.3641365628767956,3,0.12594741596139217,0.057618095209680656,2.1859003756207342,0.7782851172801457,0.7992605881047559
PROXY,2,1,EX_MAJOR_SHOCKS,VOL,794,28,20,0.4574421658723922,0.44570159242915663,9,0.42783253190570336,0.27940437729759826,1.5312305986173287,0.8291310894438081,0.8383281485268143
PROXY,2,1,ALL,CORE_VOL,1017,59,46,0.6994413955120551,0.7126676530417468,19,0.6013838935256238,0.5835791420635232,1.0305095747581783,0.8814774813916566,0.8719291771901562
PROXY,2,1,GFC,CORE_VOL,150,8,9,0.6372258664748437,0.6749048998856815,3,0.1457209018414477,0.24024399215538125,0.6065537811542884,0.8185701556790052,0.7915730740102915
PROXY,2,1,2011,CORE_VOL,49,0,1,,,0,0.0,0.01787978538772273,0.0,0.849673105856925,0.8771313986010623
PROXY,2,1,2015_2016,CORE_VOL,100,6,1,0.7060341903578295,0.7362728411217807,2,0.0433964680649099,0.003203074871920749,13.548377668389271,0.9154039539408448,0.9452699189774046
PROXY,2,1,2018Q4,CORE_VOL,12,4,4,0.7536469485854804,0.7255764414251378,2,0.016450398181847264,0.03537207174618659,0.4650674209836397,0.7536469485854804,0.8319954371866133
PROXY,2,1,COVID,CORE_VOL,17,9,3,0.6586088942264653,0.7202579888294983,3,0.10811171383738635,0.06243414010359218,1.7316121221178808,0.6913563207917891,0.7338186938830958
PROXY,2,1,2022,CORE_VOL,50,14,14,0.7294701457130175,0.7271733740991613,4,0.13363501189393814,0.1411988211557507,0.9464314985075604,0.752447996391353,0.8013194122294891
PROXY,2,1,2023_PLUS,CORE_VOL,182,8,5,0.728080074496638,0.7162748621783614,4,0.07156912045908678,0.028809047604840342,2.484258467713529,0.8977358565630381,0.9095634761102979
PROXY,2,1,2024_PLUS,CORE_VOL,132,7,5,0.7219668863553127,0.6820682814383978,3,0.0629737079806961,0.028809047604840342,2.1859003756207334,0.8891425586400729,0.899630294052378
PROXY,2,1,EX_MAJOR_SHOCKS,CORE_VOL,794,28,20,0.7287210829361961,0.7228507962145785,9,0.21391626595285165,0.13970218864879907,1.5312305986173291,0.9145655447219042,0.9191640742634072
PROXY,2,3,ALL,VOL,1017,59,46,0.39888279102410995,0.42533530608349357,19,1.2027677870512474,1.1671582841270465,1.030509574758178,0.7629549627833134,0.7438583543803123
PROXY,2,3,GFC,VOL,150,8,9,0.2744517329496875,0.34980979977136295,3,0.29144180368289535,0.48048798431076245,0.6065537811542884,0.6371403113580104,0.5831461480205831
PROXY,2,3,2011,VOL,49,0,1,,,0,0.0,0.035759570775445476,0.0,0.6993462117138501,0.7542627972021247
PROXY,2,3,2015_2016,VOL,100,6,1,0.41206838071565904,0.4725456822435609,2,0.08679293612981981,0.006406149743841498,13.548377668389273,0.8308079078816896,0.890539837954809
PROXY,2,3,2018Q4,VOL,12,4,4,0.5072938971709609,0.4511528828502757,2,0.03290079636369452,0.07074414349237321,0.46506742098363935,0.5072938971709609,0.6639908743732262
PROXY,2,3,COVID,VOL,17,9,3,0.3172177884529307,0.4405159776589964,3,0.2162234276747727,0.12486828020718432,1.7316121221178815,0.3827126415835782,0.46763738776619224
PROXY,2,3,2022,VOL,50,14,14,0.4589402914260347,0.45434674819832244,4,0.2672700237878763,0.28239764231150144,0.9464314985075601,0.5048959927827057,0.6026388244589785
PROXY,2,3,2023_PLUS,VOL,182,8,5,0.4561601489932762,0.43254972435672295,4,0.1431382409181735,0.05761809520968067,2.484258467713529,0.7954717131260759,0.8191269522205961
PROXY,2,3,2024_PLUS,VOL,132,7,5,0.44393377271062545,0.3641365628767957,3,0.12594741596139214,0.05761809520968067,2.185900375620733,0.7782851172801459,0.7992605881047558
PROXY,2,3,EX_MAJOR_SHOCKS,VOL,794,28,20,0.4574421658723922,0.44570159242915663,9,0.42783253190570325,0.2794043772975982,1.5312305986173287,0.8291310894438081,0.8383281485268143
PROXY,2,3,ALL,CORE_VOL,1017,59,46,0.6994413955120551,0.7126676530417468,19,0.6013838935256238,0.5835791420635232,1.0305095747581783,0.8814774813916566,0.8719291771901562
PROXY,2,3,GFC,CORE_VOL,150,8,9,0.6372258664748439,0.6749048998856816,3,0.14572090184144762,0.2402439921553812,0.6065537811542883,0.8185701556790053,0.7915730740102915
PROXY,2,3,2011,CORE_VOL,49,0,1,,,0,0.0,0.01787978538772274,0.0,0.849673105856925,0.8771313986010623
PROXY,2,3,2015_2016,CORE_VOL,100,6,1,0.7060341903578295,0.7362728411217805,2,0.0433964680649099,0.003203074871920749,13.548377668389271,0.915403953940845,0.9452699189774046
PROXY,2,3,2018Q4,CORE_VOL,12,4,4,0.7536469485854804,0.7255764414251378,2,0.016450398181847264,0.035372071746186576,0.46506742098363985,0.7536469485854804,0.8319954371866133
PROXY,2,3,COVID,CORE_VOL,17,9,3,0.6586088942264654,0.7202579888294983,3,0.10811171383738635,0.06243414010359217,1.7316121221178813,0.6913563207917891,0.7338186938830961
PROXY,2,3,2022,CORE_VOL,50,14,14,0.7294701457130175,0.7271733740991613,4,0.13363501189393814,0.14119882115575075,0.94643149850756,0.7524479963913527,0.8013194122294891
PROXY,2,3,2023_PLUS,CORE_VOL,182,8,5,0.7280800744966381,0.7162748621783614,4,0.07156912045908677,0.028809047604840328,2.4842584677135298,0.8977358565630381,0.9095634761102979
PROXY,2,3,2024_PLUS,CORE_VOL,132,7,5,0.7219668863553128,0.6820682814383977,3,0.06297370798069608,0.028809047604840324,2.1859003756207342,0.8891425586400729,0.899630294052378
PROXY,2,3,EX_MAJOR_SHOCKS,CORE_VOL,794,28,20,0.7287210829361961,0.7228507962145784,9,0.21391626595285165,0.1397021886487991,1.531230598617329,0.9145655447219042,0.9191640742634072
PROXY,3,0,ALL,VOL,1018,50,42,0.4142801901317247,0.3868912810110592,19,1.0327529116347698,1.0327959622465406,0.9999583164406673,0.7686945644915053,0.7437977069410229
PROXY,3,0,GFC,VOL,150,5,10,0.261863527132062,0.32074188629681094,2,0.18805886130728075,0.3865237180625017,0.48653899494175734,0.6458817067437184,0.5998372227340908
PROXY,3,0,2011,VOL,50,1,1,0.4309007437682654,0.4309007437682654,1,0.02699416570457114,0.028255660362759196,0.9553542673576761,0.6678214643261116,0.7210246454437486
PROXY,3,0,2015_2016,VOL,99,4,2,0.4646258846765261,0.3552525357327653,1,0.04186078669070596,0.00309801684876603,13.512123637216343,0.870483160225696,0.8882377713685939
PROXY,3,0,2018Q4,VOL,12,3,2,0.4614472382884613,0.46757685646298885,1,0.04337692103013979,0.04138141308436429,1.048222324880672,0.48537173361407404,0.6728062341262449
PROXY,3,0,COVID,VOL,17,9,3,0.28805354704745,0.23168477609456106,3,0.17748910073370144,0.15405450966568807,1.152118825465535,0.39653121060363616,0.3285123988927775
PROXY,3,0,2022,VOL,49,12,13,0.4696859524036107,0.44592103182158804,4,0.23474412659287025,0.3123146555280182,0.7516269968055054,0.5252464325879833,0.5678407814392834
PROXY,3,0,2023_PLUS,VOL,183,7,4,0.46094247123799675,0.43853537081890975,4,0.14387402063885318,0.045928373619724336,3.1325738165713153,0.7934604956477428,0.825970879879275
PROXY,3,0,2024_PLUS,VOL,133,7,3,0.46094247123799675,0.43853537081890975,4,0.14387402063885318,0.04041758084502546,3.5596890667582097,0.7756600518083773,0.8222601605185133
PROXY,3,0,EX_MAJOR_SHOCKS,VOL,796,24,16,0.47034318180738677,0.44801930561291015,10,0.43246082300091726,0.17990307899033264,2.4038544833585433,0.829929002381016,0.8409157869575725
PROXY,3,0,ALL,CORE_VOL,1018,50,42,0.7071400950658623,0.6934456405055297,19,0.5163764558173849,0.5163979811232702,0.9999583164406676,0.8843472822457528,0.8718988534705113
PROXY,3,0,GFC,CORE_VOL,150,5,10,0.6309317635660311,0.6603709431484055,2,0.09402943065364038,0.19326185903125084,0.48653899494175734,0.8229408533718593,0.7999186113670456
PROXY,3,0,2011,CORE_VOL,50,1,1,0.7154503718841327,0.7154503718841327,1,0.01349708285228557,0.014127830181379598,0.9553542673576761,0.833910732163056,0.8605123227218744
PROXY,3,0,2015_2016,CORE_VOL,99,4,2,0.7323129423382629,0.6776262678663827,1,0.02093039334535298,0.001549008424383015,13.512123637216343,0.9352415801128481,0.944118885684297
PROXY,3,0,2018Q4,CORE_VOL,12,3,2,0.7307236191442307,0.7337884282314944,1,0.0216884605150699,0.020690706542182136,1.0482223248806726,0.7426858668070371,0.8364031170631225
PROXY,3,0,COVID,CORE_VOL,17,9,3,0.6440267735237251,0.6158423880472805,3,0.08874455036685071,0.07702725483284405,1.1521188254655346,0.6982656053018181,0.6642561994463886
PROXY,3,0,2022,CORE_VOL,49,12,13,0.7348429762018055,0.7229605159107939,4,0.11737206329643513,0.15615732776400906,0.7516269968055056,0.7626232162939917,0.7839203907196418
PROXY,3,0,2023_PLUS,CORE_VOL,183,7,4,0.7304712356189984,0.719267685409455,4,0.07193701031942659,0.02296418680986217,3.132573816571315,0.8967302478238716,0.9129854399396374
PROXY,3,0,2024_PLUS,CORE_VOL,133,7,3,0.7304712356189984,0.719267685409455,4,0.07193701031942659,0.02020879042251273,3.5596890667582097,0.8878300259041886,0.9111300802592566
PROXY,3,0,EX_MAJOR_SHOCKS,CORE_VOL,796,24,16,0.7351715909036932,0.724009652806455,10,0.21623041150045869,0.08995153949516632,2.403854483358544,0.914964501190508,0.920457893478786
PROXY,3,1,ALL,VOL,1018,50,42,0.4142801901317247,0.3868912810110592,19,1.0327529116347698,1.0327959622465406,0.9999583164406673,0.7686945644915053,0.7437977069410229
PROXY,3,1,GFC,VOL,150,5,10,0.26186352713206196,0.3207418862968109,2,0.18805886130728075,0.38652371806250174,0.4865389949417573,0.6458817067437184,0.5998372227340909
PROXY,3,1,2011,VOL,50,1,1,0.4309007437682654,0.4309007437682654,1,0.02699416570457114,0.028255660362759196,0.9553542673576761,0.6678214643261116,0.7210246454437486
PROXY,3,1,2015_2016,VOL,99,4,2,0.464625884676526,0.3552525357327652,1,0.04186078669070596,0.0030980168487660304,13.512123637216341,0.870483160225696,0.8882377713685939
PROXY,3,1,2018Q4,VOL,12,3,2,0.4614472382884613,0.46757685646298897,1,0.04337692103013979,0.04138141308436428,1.0482223248806721,0.48537173361407404,0.672806234126245
PROXY,3,1,COVID,VOL,17,9,3,0.28805354704745,0.2316847760945611,3,0.1774891007337014,0.15405450966568807,1.1521188254655346,0.39653121060363616,0.32851239889277756
PROXY,3,1,2022,VOL,49,12,13,0.46968595240361083,0.44592103182158804,4,0.23474412659287022,0.3123146555280182,0.7516269968055054,0.5252464325879835,0.5678407814392835
PROXY,3,1,2023_PLUS,VOL,183,7,4,0.46094247123799675,0.43853537081890986,4,0.14387402063885318,0.045928373619724336,3.1325738165713153,0.7934604956477428,0.825970879879275
PROXY,3,1,2024_PLUS,VOL,133,7,3,0.46094247123799675,0.43853537081890986,4,0.14387402063885318,0.04041758084502546,3.5596890667582097,0.7756600518083773,0.8222601605185133
PROXY,3,1,EX_MAJOR_SHOCKS,VOL,796,24,16,0.47034318180738677,0.44801930561291015,10,0.43246082300091726,0.17990307899033264,2.4038544833585433,0.829929002381016,0.8409157869575725
PROXY,3,1,ALL,CORE_VOL,1018,50,42,0.7071400950658623,0.6934456405055297,19,0.5163764558173849,0.5163979811232703,0.9999583164406673,0.8843472822457528,0.8718988534705113
PROXY,3,1,GFC,CORE_VOL,150,5,10,0.6309317635660311,0.6603709431484056,2,0.09402943065364035,0.19326185903125087,0.4865389949417571,0.8229408533718593,0.7999186113670456
PROXY,3,1,2011,CORE_VOL,50,1,1,0.7154503718841326,0.7154503718841326,1,0.013497082852285576,0.014127830181379593,0.9553542673576768,0.833910732163056,0.8605123227218744
PROXY,3,1,2015_2016,CORE_VOL,99,4,2,0.7323129423382629,0.6776262678663827,1,0.020930393345352977,0.001549008424383015,13.512123637216341,0.9352415801128481,0.944118885684297
PROXY,3,1,2018Q4,CORE_VOL,12,3,2,0.7307236191442307,0.7337884282314944,1,0.0216884605150699,0.020690706542182146,1.0482223248806721,0.7426858668070371,0.8364031170631224
PROXY,3,1,COVID,CORE_VOL,17,9,3,0.6440267735237251,0.6158423880472805,3,0.08874455036685072,0.07702725483284403,1.152118825465535,0.6982656053018181,0.6642561994463886
PROXY,3,1,2022,CORE_VOL,49,12,13,0.7348429762018054,0.7229605159107939,4,0.11737206329643511,0.15615732776400906,0.7516269968055055,0.7626232162939917,0.7839203907196418
PROXY,3,1,2023_PLUS,CORE_VOL,183,7,4,0.7304712356189984,0.719267685409455,4,0.0719370103194266,0.022964186809862168,3.132573816571316,0.8967302478238716,0.9129854399396375
PROXY,3,1,2024_PLUS,CORE_VOL,133,7,3,0.7304712356189984,0.719267685409455,4,0.0719370103194266,0.020208790422512737,3.5596890667582093,0.8878300259041886,0.9111300802592566
PROXY,3,1,EX_MAJOR_SHOCKS,CORE_VOL,796,24,16,0.7351715909036932,0.724009652806455,10,0.2162304115004587,0.08995153949516631,2.4038544833585447,0.914964501190508,0.920457893478786
PROXY,3,3,ALL,VOL,1018,50,42,0.4142801901317247,0.38689128101105924,19,1.0327529116347698,1.0327959622465406,0.9999583164406673,0.7686945644915053,0.7437977069410229
PROXY,3,3,GFC,VOL,150,5,10,0.261863527132062,0.32074188629681094,2,0.18805886130728075,0.38652371806250174,0.4865389949417573,0.6458817067437184,0.5998372227340908
PROXY,3,3,2011,VOL,50,1,1,0.4309007437682654,0.4309007437682654,1,0.02699416570457114,0.028255660362759196,0.9553542673576761,0.6678214643261116,0.7210246454437486
PROXY,3,3,2015_2016,VOL,99,4,2,0.464625884676526,0.3552525357327653,1,0.04186078669070596,0.0030980168487660304,13.512123637216341,0.870483160225696,0.8882377713685938
PROXY,3,3,2018Q4,VOL,12,3,2,0.46144723828846135,0.46757685646298874,1,0.043376921030139785,0.04138141308436429,1.0482223248806717,0.48537173361407404,0.6728062341262447
PROXY,3,3,COVID,VOL,17,9,3,0.28805354704745,0.23168477609456106,3,0.17748910073370144,0.15405450966568807,1.152118825465535,0.39653121060363616,0.3285123988927775
PROXY,3,3,2022,VOL,49,12,13,0.4696859524036107,0.44592103182158804,4,0.2347441265928702,0.3123146555280182,0.7516269968055053,0.5252464325879833,0.5678407814392834
PROXY,3,3,2023_PLUS,VOL,183,7,4,0.46094247123799675,0.43853537081890986,4,0.14387402063885318,0.04592837361972435,3.1325738165713144,0.7934604956477428,0.8259708798792752
PROXY,3,3,2024_PLUS,VOL,133,7,3,0.46094247123799675,0.43853537081890986,4,0.1438740206388532,0.040417580845025475,3.5596890667582093,0.7756600518083773,0.8222601605185133
PROXY,3,3,EX_MAJOR_SHOCKS,VOL,796,24,16,0.47034318180738666,0.4480193056129102,10,0.43246082300091726,0.17990307899033264,2.4038544833585433,0.829929002381016,0.8409157869575725
PROXY,3,3,ALL,CORE_VOL,1018,50,42,0.7071400950658623,0.6934456405055296,19,0.5163764558173849,0.5163979811232703,0.9999583164406673,0.8843472822457528,0.8718988534705113
PROXY,3,3,GFC,CORE_VOL,150,5,10,0.630931763566031,0.6603709431484055,2,0.09402943065364039,0.19326185903125082,0.4865389949417575,0.8229408533718593,0.7999186113670456
PROXY,3,3,2011,CORE_VOL,50,1,1,0.7154503718841327,0.7154503718841327,1,0.01349708285228557,0.014127830181379593,0.9553542673576765,0.833910732163056,0.8605123227218742
PROXY,3,3,2015_2016,CORE_VOL,99,4,2,0.7323129423382629,0.6776262678663827,1,0.02093039334535298,0.001549008424383015,13.512123637216343,0.9352415801128481,0.944118885684297
PROXY,3,3,2018Q4,CORE_VOL,12,3,2,0.7307236191442307,0.7337884282314944,1,0.021688460515069903,0.020690706542182136,1.0482223248806728,0.7426858668070371,0.8364031170631225
PROXY,3,3,COVID,CORE_VOL,17,9,3,0.6440267735237251,0.6158423880472806,3,0.0887445503668507,0.07702725483284403,1.1521188254655346,0.6982656053018181,0.6642561994463887
PROXY,3,3,2022,CORE_VOL,49,12,13,0.7348429762018054,0.7229605159107939,4,0.11737206329643515,0.1561573277640091,0.7516269968055056,0.7626232162939917,0.7839203907196418
PROXY,3,3,2023_PLUS,CORE_VOL,183,7,4,0.7304712356189983,0.7192676854094547,4,0.07193701031942662,0.02296418680986216,3.1325738165713175,0.8967302478238715,0.9129854399396375
PROXY,3,3,2024_PLUS,CORE_VOL,133,7,3,0.7304712356189983,0.7192676854094547,4,0.07193701031942662,0.02020879042251273,3.559689066758211,0.8878300259041886,0.9111300802592566
PROXY,3,3,EX_MAJOR_SHOCKS,CORE_VOL,796,24,16,0.7351715909036932,0.724009652806455,10,0.21623041150045869,0.0899515394951663,2.4038544833585447,0.914964501190508,0.920457893478786
PROXY,4,0,ALL,VOL,1018,59,42,0.41480957143590075,0.42537734544576455,23,1.302959062413017,0.9687508854594842,1.3449887705599524,0.7662217888697925,0.7411521681792268
PROXY,4,0,GFC,VOL,150,6,10,0.30091546078116765,0.2888132846105497,3,0.24762412043702947,0.4333147790708855,0.5714647466398115,0.6511605198255345,0.5736525500228689
PROXY,4,0,2011,VOL,50,3,0,0.4168205167517069,,0,0.08143620417268997,0.0,,0.6649194331222944,0.7416452857959713
PROXY,4,0,2015_2016,VOL,100,3,4,0.44047007553347894,0.448662736740707,1,0.0514055881366112,0.049129605618597236,1.0463260897244497,0.850574126242382,0.8834486673813876
PROXY,4,0,2018Q4,VOL,12,3,2,0.45443602283811035,0.45590854400756503,2,0.04093047851266344,0.019941344418096627,2.0525435825439797,0.45443602283811035,0.6491745336663595
PROXY,4,0,COVID,VOL,18,8,3,0.3169244735387879,0.333677362699504,4,0.22465053636493693,0.1524725027090677,1.4733839372571453,0.3731596256254047,0.5021807128825125
PROXY,4,0,2022,VOL,49,15,16,0.4809562665724062,0.43125283538230297,7,0.23648872545158428,0.19802166052555814,1.1942568546487937,0.5056207176861649,0.5969043995539699
PROXY,4,0,2023_PLUS,VOL,183,9,3,0.4366685670712528,0.46977896542190517,2,0.2638829978035236,0.04159433179815403,6.344205722166087,0.7690990216459634,0.8044552865028958
PROXY,4,0,2024_PLUS,VOL,133,9,3,0.4366685670712528,0.46977896542190517,2,0.26388299780352364,0.04159433179815403,6.344205722166088,0.7466418159698355,0.7905757482011231
PROXY,4,0,EX_MAJOR_SHOCKS,VOL,795,30,13,0.45378334973016266,0.48485177414187747,9,0.5941956801594663,0.18494194315397283,3.2128768089387414,0.8243528102703876,0.8346134640789252
PROXY,4,0,ALL,CORE_VOL,1018,59,42,0.7074047857179504,0.7126886727228824,23,0.6514795312065085,0.4843754427297421,1.3449887705599524,0.8831108944348963,0.8705760840896133
PROXY,4,0,GFC,CORE_VOL,150,6,10,0.6504577303905839,0.6444066423052749,3,0.12381206021851472,0.21665738953544278,0.5714647466398114,0.8255802599127673,0.7868262750114344
PROXY,4,0,2011,CORE_VOL,50,3,0,0.7084102583758536,,0,0.04071810208634498,0.0,,0.8324597165611473,0.8708226428979858
PROXY,4,0,2015_2016,CORE_VOL,100,3,4,0.7202350377667395,0.7243313683703535,1,0.0257027940683056,0.024564802809298614,1.0463260897244497,0.925287063121191,0.9417243336906939
PROXY,4,0,2018Q4,CORE_VOL,12,3,2,0.7272180114190552,0.7279542720037825,2,0.020465239256331716,0.009970672209048306,2.0525435825439806,0.7272180114190552,0.8245872668331797
PROXY,4,0,COVID,CORE_VOL,18,8,3,0.6584622367693939,0.666838681349752,4,0.11232526818246846,0.07623625135453385,1.4733839372571453,0.6865798128127024,0.7510903564412562
PROXY,4,0,2022,CORE_VOL,49,15,16,0.7404781332862032,0.7156264176911514,7,0.11824436272579214,0.0990108302627791,1.1942568546487935,0.7528103588430827,0.7984521997769849
PROXY,4,0,2023_PLUS,CORE_VOL,183,9,3,0.7183342835356264,0.7348894827109526,2,0.1319414989017618,0.020797165899077014,6.344205722166087,0.884549510822982,0.9022276432514479
PROXY,4,0,2024_PLUS,CORE_VOL,133,9,3,0.7183342835356264,0.7348894827109526,2,0.1319414989017618,0.020797165899077014,6.344205722166087,0.8733209079849179,0.8952878741005617
PROXY,4,0,EX_MAJOR_SHOCKS,CORE_VOL,795,30,13,0.7268916748650813,0.7424258870709386,9,0.2970978400797331,0.09247097157698639,3.212876808938742,0.9121764051351938,0.9173067320394626
PROXY,4,1,ALL,VOL,1018,59,42,0.41480957143590075,0.42537734544576455,23,1.302959062413017,0.9687508854594842,1.3449887705599524,0.7662217888697925,0.7411521681792268
PROXY,4,1,GFC,VOL,150,6,10,0.30091546078116765,0.2888132846105497,3,0.24762412043702947,0.4333147790708855,0.5714647466398115,0.6511605198255346,0.5736525500228689
PROXY,4,1,2011,VOL,50,3,0,0.41682051675170695,,0,0.08143620417268996,0.0,,0.6649194331222945,0.7416452857959712
PROXY,4,1,2015_2016,VOL,100,3,4,0.4404700755334789,0.448662736740707,1,0.0514055881366112,0.049129605618597236,1.0463260897244497,0.850574126242382,0.8834486673813876
PROXY,4,1,2018Q4,VOL,12,3,2,0.45443602283811035,0.45590854400756503,2,0.04093047851266344,0.01994134441809663,2.0525435825439793,0.45443602283811035,0.6491745336663595
PROXY,4,1,COVID,VOL,18,8,3,0.3169244735387879,0.333677362699504,4,0.2246505363649369,0.15247250270906765,1.4733839372571456,0.3731596256254047,0.5021807128825125
PROXY,4,1,2022,VOL,49,15,16,0.4809562665724062,0.43125283538230297,7,0.23648872545158428,0.1980216605255582,1.1942568546487935,0.5056207176861649,0.5969043995539699
PROXY,4,1,2023_PLUS,VOL,183,9,3,0.43666856707125273,0.46977896542190517,2,0.26388299780352364,0.04159433179815403,6.344205722166088,0.7690990216459634,0.8044552865028959
PROXY,4,1,2024_PLUS,VOL,133,9,3,0.43666856707125273,0.46977896542190517,2,0.26388299780352364,0.04159433179815403,6.344205722166088,0.7466418159698355,0.790575748201123
PROXY,4,1,EX_MAJOR_SHOCKS,VOL,795,30,13,0.45378334973016266,0.4848517741418775,9,0.5941956801594662,0.18494194315397283,3.212876808938741,0.8243528102703876,0.8346134640789252
PROXY,4,1,ALL,CORE_VOL,1018,59,42,0.7074047857179503,0.7126886727228824,23,0.6514795312065085,0.4843754427297421,1.3449887705599524,0.8831108944348963,0.8705760840896133
PROXY,4,1,GFC,CORE_VOL,150,6,10,0.6504577303905837,0.6444066423052749,3,0.12381206021851474,0.21665738953544278,0.5714647466398114,0.8255802599127673,0.7868262750114344
PROXY,4,1,2011,CORE_VOL,50,3,0,0.7084102583758533,,0,0.04071810208634499,0.0,,0.8324597165611473,0.8708226428979858
PROXY,4,1,2015_2016,CORE_VOL,100,3,4,0.7202350377667395,0.7243313683703534,1,0.0257027940683056,0.024564802809298618,1.0463260897244497,0.925287063121191,0.9417243336906939
PROXY,4,1,2018Q4,CORE_VOL,12,3,2,0.7272180114190553,0.7279542720037826,2,0.02046523925633171,0.00997067220904831,2.0525435825439793,0.7272180114190553,0.8245872668331798
PROXY,4,1,COVID,CORE_VOL,18,8,3,0.6584622367693939,0.6668386813497521,4,0.11232526818246845,0.07623625135453385,1.4733839372571451,0.6865798128127024,0.7510903564412562
PROXY,4,1,2022,CORE_VOL,49,15,16,0.7404781332862032,0.7156264176911515,7,0.11824436272579215,0.0990108302627791,1.1942568546487937,0.7528103588430827,0.7984521997769848
PROXY,4,1,2023_PLUS,CORE_VOL,183,9,3,0.7183342835356264,0.7348894827109527,2,0.1319414989017618,0.02079716589907702,6.344205722166085,0.884549510822982,0.9022276432514479
PROXY,4,1,2024_PLUS,CORE_VOL,133,9,3,0.7183342835356264,0.7348894827109527,2,0.1319414989017618,0.02079716589907702,6.344205722166085,0.8733209079849177,0.8952878741005617
PROXY,4,1,EX_MAJOR_SHOCKS,CORE_VOL,795,30,13,0.7268916748650814,0.7424258870709388,9,0.29709784007973317,0.0924709715769864,3.212876808938742,0.9121764051351938,0.9173067320394626
PROXY,4,3,ALL,VOL,1018,59,42,0.41480957143590075,0.4253773454457645,23,1.302959062413017,0.9687508854594842,1.3449887705599524,0.7662217888697925,0.7411521681792268
PROXY,4,3,GFC,VOL,150,6,10,0.30091546078116765,0.2888132846105497,3,0.24762412043702947,0.43331477907088556,0.5714647466398114,0.6511605198255345,0.5736525500228689
PROXY,4,3,2011,VOL,50,3,0,0.4168205167517069,,0,0.08143620417268997,0.0,,0.6649194331222945,0.7416452857959713
PROXY,4,3,2015_2016,VOL,100,3,4,0.4404700755334789,0.4486627367407071,1,0.0514055881366112,0.049129605618597236,1.0463260897244497,0.850574126242382,0.8834486673813876
PROXY,4,3,2018Q4,VOL,12,3,2,0.4544360228381103,0.4559085440075649,2,0.04093047851266344,0.01994134441809662,2.05254358254398,0.4544360228381103,0.6491745336663595
PROXY,4,3,COVID,VOL,18,8,3,0.3169244735387878,0.333677362699504,4,0.22465053636493693,0.15247250270906768,1.4733839372571456,0.3731596256254047,0.5021807128825125
PROXY,4,3,2022,VOL,49,15,16,0.4809562665724062,0.431252835382303,7,0.2364887254515843,0.1980216605255582,1.1942568546487937,0.5056207176861649,0.5969043995539698
PROXY,4,3,2023_PLUS,VOL,183,9,3,0.4366685670712528,0.46977896542190517,2,0.2638829978035236,0.04159433179815403,6.344205722166087,0.7690990216459634,0.8044552865028958
PROXY,4,3,2024_PLUS,VOL,133,9,3,0.4366685670712528,0.46977896542190517,2,0.2638829978035236,0.04159433179815403,6.344205722166087,0.7466418159698355,0.790575748201123
PROXY,4,3,EX_MAJOR_SHOCKS,VOL,795,30,13,0.4537833497301626,0.4848517741418775,9,0.5941956801594663,0.18494194315397283,3.2128768089387414,0.8243528102703876,0.8346134640789252
PROXY,4,3,ALL,CORE_VOL,1018,59,42,0.7074047857179505,0.7126886727228823,23,0.6514795312065084,0.4843754427297421,1.3449887705599521,0.8831108944348963,0.8705760840896133
PROXY,4,3,GFC,CORE_VOL,150,6,10,0.6504577303905837,0.6444066423052749,3,0.12381206021851474,0.21665738953544275,0.5714647466398115,0.8255802599127673,0.7868262750114344
PROXY,4,3,2011,CORE_VOL,50,3,0,0.7084102583758535,,0,0.04071810208634498,0.0,,0.8324597165611473,0.8708226428979856
PROXY,4,3,2015_2016,CORE_VOL,100,3,4,0.7202350377667396,0.7243313683703535,1,0.025702794068305584,0.024564802809298618,1.046326089724449,0.925287063121191,0.9417243336906939
PROXY,4,3,2018Q4,CORE_VOL,12,3,2,0.7272180114190552,0.7279542720037825,2,0.020465239256331716,0.00997067220904831,2.0525435825439797,0.7272180114190552,0.8245872668331797
PROXY,4,3,COVID,CORE_VOL,18,8,3,0.658462236769394,0.6668386813497521,4,0.11232526818246842,0.07623625135453385,1.4733839372571447,0.6865798128127025,0.7510903564412562
PROXY,4,3,2022,CORE_VOL,49,15,16,0.740478133286203,0.7156264176911514,7,0.11824436272579218,0.0990108302627791,1.194256854648794,0.7528103588430824,0.7984521997769848
PROXY,4,3,2023_PLUS,CORE_VOL,183,9,3,0.7183342835356264,0.7348894827109524,2,0.13194149890176182,0.02079716589907702,6.344205722166086,0.884549510822982,0.9022276432514479
PROXY,4,3,2024_PLUS,CORE_VOL,133,9,3,0.7183342835356264,0.7348894827109524,2,0.13194149890176182,0.02079716589907702,6.344205722166086,0.8733209079849179,0.8952878741005617
PROXY,4,3,EX_MAJOR_SHOCKS,CORE_VOL,795,30,13,0.7268916748650814,0.7424258870709387,9,0.2970978400797331,0.0924709715769864,3.2128768089387414,0.9121764051351938,0.9173067320394626
ZERO,0,0,ALL,VOL,1017,56,43,0.4166167486755689,0.40347260714977284,18,1.1853517958056325,0.8584806029602351,1.3807554785958724,0.7698991676125048,0.7614487534730492
ZERO,0,0,GFC,VOL,151,8,8,0.3077377083222905,0.30165837861973105,3,0.19906632848051198,0.3564200747494579,0.5585160393124426,0.6648312261151436,0.6049523252080731
ZERO,0,0,2011,VOL,49,2,0,0.40879851066822764,0.3856579391554429,1,0.06036046662148703,0.0,,0.6959293519134389,0.7674761202295702
ZERO,0,0,2015_2016,VOL,100,3,3,0.45885033216026916,0.4339878085468424,1,0.025840012372555468,0.03264085442016408,0.791646322732062,0.856277608074355,0.8977074006592124
ZERO,0,0,2018Q4,VOL,11,3,3,0.4794856882375484,0.5600363909172271,1,0.05144533891637477,0.0563227839507884,0.9134019185082317,0.5497559743166434,0.680359389270968
ZERO,0,0,COVID,VOL,18,7,5,0.3343525642481001,0.3973784975291519,3,0.2337440821287968,0.15130136484471585,1.5448907706066886,0.39288280584942487,0.5814101604218488
ZERO,0,0,2022,VOL,49,11,15,0.46548009637369003,0.46170091868180313,3,0.22867123604560818,0.19985458684235968,1.1441880802364488,0.5162092625237747,0.601279955359464
ZERO,0,0,2023_PLUS,VOL,182,10,5,0.45103346235312214,0.3245698239123928,2,0.2031503421825187,0.017698063058643146,11.478676593555633,0.784374155131632,0.8246087484986637
ZERO,0,0,2024_PLUS,VOL,132,9,4,0.4496857990626394,0.3245698239123928,2,0.2007273353506519,0.0093888327183506,21.379370723937562,0.7719150511416307,0.8164975470643878
ZERO,0,0,EX_MAJOR_SHOCKS,VOL,793,30,15,0.45731996913000905,0.399950802269261,9,0.5238701491507156,0.15090457652370173,3.471532548705932,0.8290147516347113,0.8502822014540667
ZERO,0,0,ALL,CORE_VOL,1017,56,43,0.7083083743377844,0.7017363035748864,18,0.5926758979028164,0.42924030148011755,1.3807554785958727,0.8849495838062524,0.8807243767365246
ZERO,0,0,GFC,CORE_VOL,151,8,8,0.6538688541611454,0.6508291893098654,3,0.099533164240256,0.17821003737472896,0.5585160393124428,0.8324156130575718,0.8024761626040365
ZERO,0,0,2011,CORE_VOL,49,2,0,0.7043992553341137,0.6928289695777214,1,0.030180233310743522,0.0,,0.8479646759567193,0.8837380601147853
ZERO,0,0,2015_2016,CORE_VOL,100,3,3,0.7294251660801346,0.7169939042734211,1,0.012920006186277734,0.01632042721008204,0.791646322732062,0.9281388040371775,0.9488537003296063
ZERO,0,0,2018Q4,CORE_VOL,11,3,3,0.7397428441187742,0.7800181954586136,1,0.025722669458187384,0.0281613919753942,0.9134019185082317,0.7748779871583217,0.8401796946354839
ZERO,0,0,COVID,CORE_VOL,18,7,5,0.66717628212405,0.6986892487645758,3,0.11687204106439841,0.07565068242235792,1.5448907706066888,0.6964414029247125,0.7907050802109244
ZERO,0,0,2022,CORE_VOL,49,11,15,0.732740048186845,0.7308504593409016,3,0.11433561802280408,0.09992729342117987,1.1441880802364484,0.7581046312618874,0.8006399776797319
ZERO,0,0,2023_PLUS,CORE_VOL,182,10,5,0.725516731176561,0.6622849119561963,2,0.10157517109125935,0.00884903152932157,11.478676593555639,0.8921870775658158,0.9123043742493319
ZERO,0,0,2024_PLUS,CORE_VOL,132,9,4,0.7248428995313196,0.6622849119561963,2,0.10036366767532597,0.0046944163591753,21.379370723937562,0.8859575255708154,0.908248773532194
ZERO,0,0,EX_MAJOR_SHOCKS,CORE_VOL,793,30,15,0.7286599845650045,0.6999754011346305,9,0.2619350745753578,0.07545228826185085,3.4715325487059325,0.9145073758173557,0.9251411007270334
ZERO,0,1,ALL,VOL,1017,56,43,0.41661674867556886,0.4034726071497728,18,1.1853517958056325,0.8584806029602352,1.3807554785958722,0.7698991676125048,0.7614487534730492
ZERO,0,1,GFC,VOL,151,8,8,0.3077377083222905,0.30165837861973105,3,0.19906632848051198,0.3564200747494579,0.5585160393124426,0.6648312261151437,0.6049523252080731
ZERO,0,1,2011,VOL,49,2,0,0.40879851066822764,0.3856579391554429,1,0.06036046662148703,0.0,,0.6959293519134389,0.7674761202295702
ZERO,0,1,2015_2016,VOL,100,3,3,0.45885033216026916,0.4339878085468423,1,0.025840012372555468,0.032640854420164074,0.7916463227320623,0.856277608074355,0.8977074006592124
ZERO,0,1,2018Q4,VOL,11,3,3,0.47948568823754834,0.5600363909172271,1,0.05144533891637477,0.05632278395078841,0.9134019185082316,0.5497559743166434,0.6803593892709678
ZERO,0,1,COVID,VOL,18,7,5,0.33435256424810006,0.3973784975291519,3,0.2337440821287968,0.15130136484471585,1.5448907706066886,0.39288280584942487,0.5814101604218489
ZERO,0,1,2022,VOL,49,11,15,0.46548009637369003,0.46170091868180313,3,0.22867123604560816,0.19985458684235968,1.1441880802364488,0.5162092625237747,0.601279955359464
ZERO,0,1,2023_PLUS,VOL,182,10,5,0.45103346235312214,0.32456982391239286,2,0.2031503421825187,0.017698063058643146,11.478676593555633,0.784374155131632,0.8246087484986637
ZERO,0,1,2024_PLUS,VOL,132,9,4,0.4496857990626394,0.32456982391239286,2,0.2007273353506519,0.009388832718350603,21.37937072393755,0.7719150511416307,0.8164975470643878
ZERO,0,1,EX_MAJOR_SHOCKS,VOL,793,30,15,0.45731996913000905,0.39995080226926105,9,0.5238701491507156,0.15090457652370173,3.471532548705932,0.8290147516347113,0.8502822014540667
ZERO,0,1,ALL,CORE_VOL,1017,56,43,0.7083083743377844,0.7017363035748864,18,0.5926758979028164,0.42924030148011755,1.3807554785958727,0.8849495838062524,0.8807243767365246
ZERO,0,1,GFC,CORE_VOL,151,8,8,0.6538688541611452,0.6508291893098653,3,0.09953316424025602,0.17821003737472896,0.5585160393124428,0.8324156130575718,0.8024761626040365
ZERO,0,1,2011,CORE_VOL,49,2,0,0.7043992553341137,0.6928289695777213,1,0.030180233310743525,0.0,,0.8479646759567193,0.8837380601147851
ZERO,0,1,2015_2016,CORE_VOL,100,3,3,0.7294251660801346,0.7169939042734212,1,0.012920006186277734,0.01632042721008204,0.791646322732062,0.9281388040371774,0.9488537003296064
ZERO,0,1,2018Q4,CORE_VOL,11,3,3,0.7397428441187742,0.7800181954586134,1,0.025722669458187377,0.0281613919753942,0.9134019185082315,0.7748779871583217,0.8401796946354839
ZERO,0,1,COVID,CORE_VOL,18,7,5,0.66717628212405,0.6986892487645759,3,0.1168720410643984,0.07565068242235791,1.5448907706066888,0.6964414029247123,0.7907050802109246
ZERO,0,1,2022,CORE_VOL,49,11,15,0.732740048186845,0.7308504593409015,3,0.11433561802280408,0.09992729342117987,1.1441880802364484,0.7581046312618874,0.8006399776797319
ZERO,0,1,2023_PLUS,CORE_VOL,182,10,5,0.725516731176561,0.6622849119561963,2,0.10157517109125935,0.00884903152932157,11.478676593555639,0.8921870775658158,0.9123043742493319
ZERO,0,1,2024_PLUS,CORE_VOL,132,9,4,0.7248428995313196,0.6622849119561963,2,0.10036366767532595,0.0046944163591753005,21.379370723937555,0.8859575255708154,0.9082487735321941
ZERO,0,1,EX_MAJOR_SHOCKS,CORE_VOL,793,30,15,0.7286599845650045,0.6999754011346305,9,0.2619350745753578,0.07545228826185087,3.471532548705932,0.9145073758173557,0.9251411007270334
ZERO,0,3,ALL,VOL,1017,56,43,0.4166167486755689,0.40347260714977284,18,1.1853517958056328,0.8584806029602352,1.3807554785958724,0.7698991676125048,0.7614487534730492
ZERO,0,3,GFC,VOL,151,8,8,0.3077377083222905,0.301658378619731,3,0.19906632848051198,0.3564200747494579,0.5585160393124426,0.6648312261151436,0.6049523252080731
ZERO,0,3,2011,VOL,49,2,0,0.4087985106682277,0.3856579391554429,1,0.06036046662148703,0.0,,0.6959293519134389,0.7674761202295702
ZERO,0,3,2015_2016,VOL,100,3,3,0.45885033216026927,0.43398780854684244,1,0.025840012372555468,0.03264085442016408,0.791646322732062,0.856277608074355,0.8977074006592124
ZERO,0,3,2018Q4,VOL,11,3,3,0.47948568823754834,0.5600363909172271,1,0.05144533891637477,0.05632278395078838,0.913401918508232,0.5497559743166434,0.680359389270968
ZERO,0,3,COVID,VOL,18,7,5,0.3343525642481001,0.3973784975291519,3,0.2337440821287968,0.15130136484471582,1.5448907706066888,0.39288280584942487,0.5814101604218488
ZERO,0,3,2022,VOL,49,11,15,0.46548009637369003,0.46170091868180313,3,0.22867123604560818,0.19985458684235968,1.1441880802364488,0.5162092625237747,0.601279955359464
ZERO,0,3,2023_PLUS,VOL,182,10,5,0.45103346235312225,0.32456982391239286,2,0.2031503421825187,0.017698063058643146,11.478676593555633,0.784374155131632,0.8246087484986637
ZERO,0,3,2024_PLUS,VOL,132,9,4,0.44968579906263934,0.32456982391239286,2,0.2007273353506519,0.0093888327183506,21.379370723937562,0.7719150511416307,0.8164975470643877
ZERO,0,3,EX_MAJOR_SHOCKS,VOL,793,30,15,0.45731996913000905,0.39995080226926105,9,0.5238701491507156,0.1509045765237017,3.4715325487059325,0.8290147516347113,0.8502822014540667
ZERO,0,3,ALL,CORE_VOL,1017,56,43,0.7083083743377844,0.7017363035748865,18,0.5926758979028163,0.4292403014801176,1.3807554785958722,0.8849495838062524,0.8807243767365246
ZERO,0,3,GFC,CORE_VOL,151,8,8,0.6538688541611453,0.6508291893098654,3,0.099533164240256,0.1782100373747289,0.5585160393124429,0.8324156130575718,0.8024761626040365
ZERO,0,3,2011,CORE_VOL,49,2,0,0.7043992553341138,0.6928289695777216,1,0.030180233310743508,0.0,,0.8479646759567193,0.8837380601147853
ZERO,0,3,2015_2016,CORE_VOL,100,3,3,0.7294251660801346,0.7169939042734214,1,0.012920006186277734,0.01632042721008204,0.791646322732062,0.9281388040371775,0.9488537003296063
ZERO,0,3,2018Q4,CORE_VOL,11,3,3,0.7397428441187742,0.7800181954586137,1,0.025722669458187387,0.0281613919753942,0.9134019185082318,0.7748779871583217,0.8401796946354839
ZERO,0,3,COVID,CORE_VOL,18,7,5,0.66717628212405,0.6986892487645759,3,0.11687204106439841,0.07565068242235792,1.5448907706066888,0.6964414029247125,0.7907050802109244
ZERO,0,3,2022,CORE_VOL,49,11,15,0.732740048186845,0.7308504593409015,3,0.11433561802280409,0.09992729342117987,1.1441880802364486,0.7581046312618875,0.8006399776797319
ZERO,0,3,2023_PLUS,CORE_VOL,182,10,5,0.725516731176561,0.6622849119561964,2,0.10157517109125935,0.008849031529321573,11.478676593555633,0.8921870775658158,0.9123043742493319
ZERO,0,3,2024_PLUS,CORE_VOL,132,9,4,0.7248428995313196,0.6622849119561964,2,0.10036366767532595,0.004694416359175301,21.37937072393755,0.8859575255708155,0.9082487735321941
ZERO,0,3,EX_MAJOR_SHOCKS,CORE_VOL,793,30,15,0.7286599845650045,0.6999754011346305,9,0.26193507457535786,0.07545228826185088,3.471532548705932,0.9145073758173555,0.9251411007270334
ZERO,1,0,ALL,VOL,1017,57,41,0.42111000444128893,0.40840700862600965,24,1.2023220302038173,0.9865075061905842,1.2187662259627448,0.7659589059462257,0.7565743480219378
ZERO,1,0,GFC,VOL,150,5,10,0.26684284269619,0.23749610141130656,2,0.1981326290089941,0.3942456064016902,0.5025614129663124,0.6526243784167567,0.6126727461877027
ZERO,1,0,2011,VOL,49,1,0,0.369180162795282,,0,0.006603146248490927,0.0,,0.7155912308848669,0.7777317297487822
ZERO,1,0,2015_2016,VOL,100,5,4,0.43566090253333256,0.47682398202009335,3,0.06937252432114421,0.034281910689587594,2.0235897861496572,0.853825520200035,0.8860825915230645
ZERO,1,0,2018Q4,VOL,11,3,3,0.5290843999101783,0.45549378450051964,1,0.05565403506516471,0.07528414675401991,0.7392530494767543,0.5317624182938558,0.6416731282613485
ZERO,1,0,COVID,VOL,18,7,4,0.33487465345951,0.23932476370880465,2,0.19728852900416882,0.09457839942206228,2.0859787246319943,0.4107800755105794,0.6155076032907155
ZERO,1,0,2022,VOL,49,14,11,0.48191000291467845,0.4927986377915547,8,0.27610047326698,0.2649320654032735,1.042155742253042,0.509064690699068,0.5818724022072503
ZERO,1,0,2023_PLUS,VOL,182,11,3,0.4344057912829396,0.39451587349454004,1,0.2468455124498474,0.022775399807063824,10.838251558301423,0.7733452121324976,0.8183453757218866
ZERO,1,0,2024_PLUS,VOL,132,11,2,0.4344057912829396,0.39451587349454004,1,0.2468455124498474,0.018781617380389515,13.142931593718156,0.7511511099136227,0.805146878313153
ZERO,1,0,EX_MAJOR_SHOCKS,VOL,794,31,16,0.4567925337425838,0.4779120068201803,12,0.5308003989236746,0.23275143496355835,2.280546193009643,0.825771168839309,0.8416542319385345
ZERO,1,0,ALL,CORE_VOL,1017,57,41,0.7105550022206444,0.7042035043130048,24,0.6011610151019087,0.49325375309529207,1.2187662259627448,0.882979452973113,0.8782871740109688
ZERO,1,0,GFC,CORE_VOL,150,5,10,0.633421421348095,0.6187480507056533,2,0.09906631450449704,0.19712280320084508,0.5025614129663125,0.8263121892083783,0.8063363730938513
ZERO,1,0,2011,CORE_VOL,49,1,0,0.684590081397641,,0,0.0033015731242454637,0.0,,0.8577956154424334,0.8888658648743911
ZERO,1,0,2015_2016,CORE_VOL,100,5,4,0.7178304512666662,0.7384119910100466,3,0.03468626216057211,0.017140955344793804,2.023589786149657,0.9269127601000176,0.9430412957615323
ZERO,1,0,2018Q4,CORE_VOL,11,3,3,0.7645421999550892,0.7277468922502598,1,0.027827017532582356,0.03764207337700995,0.7392530494767544,0.7658812091469279,0.8208365641306743
ZERO,1,0,COVID,CORE_VOL,18,7,4,0.667437326729755,0.6196623818544024,2,0.09864426450208441,0.04728919971103113,2.0859787246319947,0.7053900377552896,0.8077538016453578
ZERO,1,0,2022,CORE_VOL,49,14,11,0.7409550014573392,0.7463993188957774,8,0.13805023663348998,0.1324660327016367,1.0421557422530423,0.7545323453495342,0.7909362011036251
ZERO,1,0,2023_PLUS,CORE_VOL,182,11,3,0.7172028956414698,0.69725793674727,1,0.12342275622492373,0.011387699903531908,10.838251558301428,0.8866726060662489,0.9091726878609436
ZERO,1,0,2024_PLUS,CORE_VOL,132,11,2,0.7172028956414698,0.69725793674727,1,0.12342275622492371,0.009390808690194756,13.14293159371816,0.8755755549568114,0.9025734391565764
ZERO,1,0,EX_MAJOR_SHOCKS,CORE_VOL,794,31,16,0.7283962668712919,0.7389560034100902,12,0.2654001994618373,0.11637571748177916,2.2805461930096436,0.9128855844196548,0.9208271159692674
ZERO,1,1,ALL,VOL,1017,57,41,0.42111000444128893,0.4084070086260096,24,1.2023220302038173,0.9865075061905842,1.2187662259627448,0.7659589059462257,0.7565743480219378
ZERO,1,1,GFC,VOL,150,5,10,0.26684284269619,0.23749610141130656,2,0.1981326290089941,0.3942456064016902,0.5025614129663124,0.6526243784167568,0.6126727461877027
ZERO,1,1,2011,VOL,49,1,0,0.36918016279528193,,0,0.006603146248490927,0.0,,0.7155912308848669,0.7777317297487822
ZERO,1,1,2015_2016,VOL,100,5,4,0.43566090253333256,0.47682398202009335,3,0.0693725243211442,0.034281910689587594,2.023589786149657,0.8538255202000351,0.8860825915230645
ZERO,1,1,2018Q4,VOL,11,3,3,0.5290843999101783,0.4554937845005197,1,0.0556540350651647,0.07528414675401993,0.739253049476754,0.531762418293856,0.6416731282613484
ZERO,1,1,COVID,VOL,18,7,4,0.33487465345951,0.2393247637088047,2,0.19728852900416882,0.09457839942206225,2.0859787246319947,0.4107800755105794,0.6155076032907156
ZERO,1,1,2022,VOL,49,14,11,0.48191000291467845,0.4927986377915547,8,0.27610047326697995,0.26493206540327346,1.042155742253042,0.509064690699068,0.5818724022072503
ZERO,1,1,2023_PLUS,VOL,182,11,3,0.4344057912829396,0.39451587349454004,1,0.2468455124498474,0.022775399807063824,10.838251558301423,0.7733452121324976,0.8183453757218866
ZERO,1,1,2024_PLUS,VOL,132,11,2,0.4344057912829396,0.39451587349454004,1,0.2468455124498474,0.018781617380389515,13.142931593718156,0.7511511099136227,0.805146878313153
ZERO,1,1,EX_MAJOR_SHOCKS,VOL,794,31,16,0.4567925337425838,0.4779120068201803,12,0.5308003989236746,0.23275143496355838,2.280546193009643,0.825771168839309,0.8416542319385347
ZERO,1,1,ALL,CORE_VOL,1017,57,41,0.7105550022206444,0.7042035043130048,24,0.6011610151019088,0.49325375309529207,1.218766225962745,0.882979452973113,0.878287174010969
ZERO,1,1,GFC,CORE_VOL,150,5,10,0.633421421348095,0.6187480507056532,2,0.09906631450449704,0.1971228032008451,0.5025614129663124,0.8263121892083783,0.8063363730938513
ZERO,1,1,2011,CORE_VOL,49,1,0,0.684590081397641,,0,0.0033015731242454637,0.0,,0.8577956154424334,0.8888658648743911
ZERO,1,1,2015_2016,CORE_VOL,100,5,4,0.7178304512666662,0.7384119910100466,3,0.03468626216057211,0.017140955344793807,2.0235897861496563,0.9269127601000176,0.9430412957615323
ZERO,1,1,2018Q4,CORE_VOL,11,3,3,0.7645421999550892,0.7277468922502597,1,0.02782701753258235,0.03764207337700995,0.7392530494767542,0.765881209146928,0.8208365641306743
ZERO,1,1,COVID,CORE_VOL,18,7,4,0.667437326729755,0.6196623818544025,2,0.09864426450208441,0.04728919971103112,2.085978724631995,0.7053900377552896,0.8077538016453578
ZERO,1,1,2022,CORE_VOL,49,14,11,0.7409550014573394,0.7463993188957775,8,0.13805023663348998,0.1324660327016367,1.0421557422530423,0.7545323453495342,0.7909362011036251
ZERO,1,1,2023_PLUS,CORE_VOL,182,11,3,0.7172028956414698,0.6972579367472699,1,0.12342275622492373,0.011387699903531901,10.838251558301435,0.8866726060662489,0.9091726878609436
ZERO,1,1,2024_PLUS,CORE_VOL,132,11,2,0.7172028956414698,0.6972579367472699,1,0.12342275622492371,0.009390808690194747,13.142931593718172,0.8755755549568114,0.9025734391565764
ZERO,1,1,EX_MAJOR_SHOCKS,CORE_VOL,794,31,16,0.7283962668712919,0.73895600341009,12,0.26540019946183735,0.11637571748177919,2.2805461930096436,0.9128855844196546,0.9208271159692674
ZERO,1,3,ALL,VOL,1017,57,41,0.42111000444128893,0.4084070086260096,24,1.2023220302038173,0.9865075061905844,1.2187662259627445,0.7659589059462257,0.7565743480219378
ZERO,1,3,GFC,VOL,150,5,10,0.26684284269619,0.23749610141130656,2,0.19813262900899406,0.3942456064016902,0.5025614129663123,0.6526243784167567,0.6126727461877027
ZERO,1,3,2011,VOL,49,1,0,0.36918016279528204,,0,0.006603146248490927,0.0,,0.7155912308848669,0.7777317297487821
ZERO,1,3,2015_2016,VOL,100,5,4,0.43566090253333256,0.47682398202009335,3,0.06937252432114421,0.034281910689587594,2.0235897861496572,0.853825520200035,0.8860825915230647
ZERO,1,3,2018Q4,VOL,11,3,3,0.5290843999101782,0.4554937845005196,1,0.05565403506516471,0.07528414675401991,0.7392530494767543,0.5317624182938558,0.6416731282613485
ZERO,1,3,COVID,VOL,18,7,4,0.33487465345951,0.23932476370880473,2,0.19728852900416882,0.09457839942206228,2.0859787246319943,0.4107800755105795,0.6155076032907156
ZERO,1,3,2022,VOL,49,14,11,0.48191000291467845,0.4927986377915547,8,0.27610047326698,0.26493206540327346,1.0421557422530423,0.509064690699068,0.5818724022072503
ZERO,1,3,2023_PLUS,VOL,182,11,3,0.4344057912829397,0.39451587349454,1,0.2468455124498474,0.02277539980706382,10.838251558301424,0.7733452121324976,0.8183453757218866
ZERO,1,3,2024_PLUS,VOL,132,11,2,0.4344057912829397,0.39451587349454,1,0.24684551244984743,0.018781617380389515,13.142931593718158,0.7511511099136227,0.805146878313153
ZERO,1,3,EX_MAJOR_SHOCKS,VOL,794,31,16,0.4567925337425838,0.47791200682018026,12,0.5308003989236746,0.23275143496355832,2.2805461930096436,0.825771168839309,0.8416542319385345
ZERO,1,3,ALL,CORE_VOL,1017,57,41,0.7105550022206446,0.7042035043130048,24,0.6011610151019087,0.49325375309529207,1.2187662259627448,0.882979452973113,0.8782871740109688
ZERO,1,3,GFC,CORE_VOL,150,5,10,0.6334214213480951,0.6187480507056533,2,0.09906631450449704,0.1971228032008451,0.5025614129663124,0.8263121892083783,0.8063363730938513
ZERO,1,3,2011,CORE_VOL,49,1,0,0.684590081397641,,0,0.0033015731242454637,0.0,,0.8577956154424333,0.888865864874391
ZERO,1,3,2015_2016,CORE_VOL,100,5,4,0.7178304512666663,0.7384119910100467,3,0.03468626216057209,0.017140955344793797,2.023589786149657,0.9269127601000176,0.9430412957615323
ZERO,1,3,2018Q4,CORE_VOL,11,3,3,0.7645421999550892,0.7277468922502598,1,0.027827017532582345,0.037642073377009935,0.7392530494767544,0.765881209146928,0.8208365641306743
ZERO,1,3,COVID,CORE_VOL,18,7,4,0.6674373267297551,0.6196623818544025,2,0.0986442645020844,0.04728919971103111,2.085978724631995,0.7053900377552899,0.8077538016453578
ZERO,1,3,2022,CORE_VOL,49,14,11,0.7409550014573394,0.7463993188957776,8,0.13805023663348992,0.13246603270163673,1.0421557422530416,0.7545323453495342,0.7909362011036251
ZERO,1,3,2023_PLUS,CORE_VOL,182,11,3,0.7172028956414698,0.6972579367472698,1,0.12342275622492371,0.01138769990353191,10.838251558301424,0.8866726060662489,0.9091726878609436
ZERO,1,3,2024_PLUS,CORE_VOL,132,11,2,0.7172028956414698,0.6972579367472698,1,0.1234227562249237,0.009390808690194756,13.142931593718158,0.8755755549568115,0.9025734391565766
ZERO,1,3,EX_MAJOR_SHOCKS,CORE_VOL,794,31,16,0.728396266871292,0.7389560034100902,12,0.26540019946183724,0.11637571748177913,2.2805461930096436,0.9128855844196548,0.9208271159692674
ZERO,2,0,ALL,VOL,1017,59,46,0.39888279102411,0.42533530608349357,19,1.2027677870512476,1.1671582841270465,1.0305095747581783,0.7629549627833134,0.7438583543803123
ZERO,2,0,GFC,VOL,150,8,9,0.2744517329496875,0.349809799771363,3,0.29144180368289535,0.48048798431076245,0.6065537811542884,0.6371403113580103,0.5831461480205831
ZERO,2,0,2011,VOL,49,0,1,,,0,0.0,0.035759570775445476,0.0,0.6993462117138501,0.7542627972021247
ZERO,2,0,2015_2016,VOL,100,6,1,0.41206838071565904,0.47254568224356097,2,0.08679293612981981,0.006406149743841498,13.548377668389273,0.8308079078816896,0.8905398379548087
ZERO,2,0,2018Q4,VOL,12,4,4,0.5072938971709607,0.45115288285027566,2,0.03290079636369453,0.07074414349237321,0.46506742098363946,0.5072938971709607,0.6639908743732262
ZERO,2,0,COVID,VOL,17,9,3,0.3172177884529307,0.4405159776589964,3,0.2162234276747727,0.12486828020718434,1.7316121221178813,0.38271264158357815,0.46763738776619224
ZERO,2,0,2022,VOL,50,14,14,0.4589402914260348,0.45434674819832244,4,0.26727002378787623,0.2823976423115015,0.9464314985075598,0.5048959927827057,0.6026388244589785
ZERO,2,0,2023_PLUS,VOL,182,8,5,0.45616014899327617,0.43254972435672295,4,0.1431382409181735,0.05761809520968067,2.484258467713529,0.7954717131260759,0.8191269522205961
ZERO,2,0,2024_PLUS,VOL,132,7,5,0.44393377271062545,0.3641365628767957,3,0.12594741596139214,0.05761809520968067,2.185900375620733,0.7782851172801457,0.7992605881047558
ZERO,2,0,EX_MAJOR_SHOCKS,VOL,794,28,20,0.4574421658723922,0.44570159242915675,9,0.42783253190570325,0.27940437729759826,1.5312305986173282,0.8291310894438081,0.8383281485268143
ZERO,2,0,ALL,CORE_VOL,1017,59,46,0.6994413955120551,0.7126676530417468,19,0.6013838935256237,0.5835791420635232,1.030509574758178,0.8814774813916566,0.8719291771901562
ZERO,2,0,GFC,CORE_VOL,150,8,9,0.6372258664748437,0.6749048998856815,3,0.1457209018414477,0.24024399215538125,0.6065537811542884,0.8185701556790053,0.7915730740102915
ZERO,2,0,2011,CORE_VOL,49,0,1,,,0,0.0,0.017879785387722738,0.0,0.849673105856925,0.8771313986010623
ZERO,2,0,2015_2016,CORE_VOL,100,6,1,0.7060341903578295,0.7362728411217805,2,0.043396468064909904,0.003203074871920749,13.548377668389273,0.9154039539408447,0.9452699189774046
ZERO,2,0,2018Q4,CORE_VOL,12,4,4,0.7536469485854804,0.7255764414251379,2,0.016450398181847264,0.03537207174618659,0.4650674209836397,0.7536469485854804,0.8319954371866133
ZERO,2,0,COVID,CORE_VOL,17,9,3,0.6586088942264654,0.7202579888294983,3,0.10811171383738635,0.06243414010359217,1.7316121221178813,0.6913563207917891,0.7338186938830961
ZERO,2,0,2022,CORE_VOL,50,14,14,0.7294701457130175,0.7271733740991613,4,0.13363501189393814,0.14119882115575075,0.94643149850756,0.752447996391353,0.8013194122294891
ZERO,2,0,2023_PLUS,CORE_VOL,182,8,5,0.728080074496638,0.7162748621783617,4,0.07156912045908678,0.028809047604840335,2.4842584677135298,0.8977358565630381,0.9095634761102979
ZERO,2,0,2024_PLUS,CORE_VOL,132,7,5,0.7219668863553125,0.682068281438398,3,0.0629737079806961,0.028809047604840335,2.1859003756207342,0.8891425586400729,0.899630294052378
ZERO,2,0,EX_MAJOR_SHOCKS,CORE_VOL,794,28,20,0.7287210829361961,0.7228507962145784,9,0.21391626595285168,0.1397021886487991,1.5312305986173291,0.9145655447219044,0.9191640742634072
ZERO,2,1,ALL,VOL,1017,59,46,0.39888279102410995,0.42533530608349357,19,1.2027677870512476,1.1671582841270465,1.0305095747581783,0.7629549627833134,0.7438583543803123
ZERO,2,1,GFC,VOL,150,8,9,0.2744517329496875,0.34980979977136284,3,0.29144180368289535,0.4804879843107624,0.6065537811542885,0.6371403113580103,0.5831461480205831
ZERO,2,1,2011,VOL,49,0,1,,,0,0.0,0.035759570775445476,0.0,0.6993462117138501,0.7542627972021247
ZERO,2,1,2015_2016,VOL,100,6,1,0.4120683807156591,0.47254568224356086,2,0.08679293612981981,0.006406149743841498,13.548377668389273,0.8308079078816896,0.890539837954809
ZERO,2,1,2018Q4,VOL,12,4,4,0.5072938971709606,0.4511528828502757,2,0.032900796363694536,0.07074414349237321,0.46506742098363957,0.5072938971709606,0.6639908743732262
ZERO,2,1,COVID,VOL,17,9,3,0.3172177884529306,0.4405159776589964,3,0.2162234276747727,0.12486828020718432,1.7316121221178815,0.38271264158357815,0.4676373877661922
ZERO,2,1,2022,VOL,50,14,14,0.45894029142603476,0.45434674819832244,4,0.26727002378787623,0.2823976423115015,0.9464314985075598,0.5048959927827057,0.6026388244589784
ZERO,2,1,2023_PLUS,VOL,182,8,5,0.4561601489932762,0.43254972435672295,4,0.14313824091817354,0.05761809520968066,2.4842584677135293,0.7954717131260759,0.8191269522205958
ZERO,2,1,2024_PLUS,VOL,132,7,5,0.44393377271062545,0.3641365628767957,3,0.12594741596139214,0.057618095209680656,2.185900375620734,0.7782851172801457,0.7992605881047558
ZERO,2,1,EX_MAJOR_SHOCKS,VOL,794,28,20,0.4574421658723922,0.44570159242915663,9,0.42783253190570325,0.27940437729759826,1.5312305986173282,0.8291310894438081,0.8383281485268143
ZERO,2,1,ALL,CORE_VOL,1017,59,46,0.6994413955120551,0.7126676530417468,19,0.6013838935256238,0.5835791420635232,1.0305095747581783,0.8814774813916566,0.8719291771901562
ZERO,2,1,GFC,CORE_VOL,150,8,9,0.6372258664748438,0.6749048998856816,3,0.14572090184144768,0.24024399215538125,0.6065537811542883,0.8185701556790052,0.7915730740102914
ZERO,2,1,2011,CORE_VOL,49,0,1,,,0,0.0,0.017879785387722738,0.0,0.849673105856925,0.8771313986010623
ZERO,2,1,2015_2016,CORE_VOL,100,6,1,0.7060341903578294,0.7362728411217805,2,0.043396468064909904,0.003203074871920749,13.548377668389273,0.9154039539408448,0.9452699189774046
ZERO,2,1,2018Q4,CORE_VOL,12,4,4,0.7536469485854804,0.7255764414251377,2,0.016450398181847264,0.03537207174618659,0.4650674209836397,0.7536469485854804,0.8319954371866133
ZERO,2,1,COVID,CORE_VOL,17,9,3,0.6586088942264654,0.7202579888294983,3,0.10811171383738635,0.06243414010359217,1.7316121221178813,0.6913563207917891,0.7338186938830961
ZERO,2,1,2022,CORE_VOL,50,14,14,0.7294701457130174,0.7271733740991613,4,0.13363501189393814,0.14119882115575075,0.94643149850756,0.7524479963913527,0.8013194122294891
ZERO,2,1,2023_PLUS,CORE_VOL,182,8,5,0.728080074496638,0.7162748621783617,4,0.07156912045908678,0.02880904760484034,2.4842584677135293,0.8977358565630381,0.9095634761102979
ZERO,2,1,2024_PLUS,CORE_VOL,132,7,5,0.7219668863553127,0.682068281438398,3,0.06297370798069608,0.02880904760484034,2.1859003756207334,0.8891425586400729,0.899630294052378
ZERO,2,1,EX_MAJOR_SHOCKS,CORE_VOL,794,28,20,0.7287210829361961,0.7228507962145784,9,0.21391626595285168,0.1397021886487991,1.5312305986173291,0.9145655447219042,0.9191640742634072
ZERO,2,3,ALL,VOL,1017,59,46,0.39888279102410995,0.42533530608349357,19,1.2027677870512474,1.1671582841270463,1.0305095747581783,0.7629549627833134,0.7438583543803124
ZERO,2,3,GFC,VOL,150,8,9,0.2744517329496875,0.34980979977136295,3,0.29144180368289535,0.48048798431076245,0.6065537811542884,0.6371403113580103,0.583146148020583
ZERO,2,3,2011,VOL,49,0,1,,,0,0.0,0.03575957077544547,0.0,0.6993462117138501,0.7542627972021247
ZERO,2,3,2015_2016,VOL,100,6,1,0.41206838071565904,0.47254568224356086,2,0.08679293612981981,0.006406149743841498,13.548377668389273,0.8308079078816896,0.8905398379548087
ZERO,2,3,2018Q4,VOL,12,4,4,0.5072938971709609,0.4511528828502757,2,0.03290079636369452,0.07074414349237321,0.46506742098363935,0.5072938971709609,0.6639908743732262
ZERO,2,3,COVID,VOL,17,9,3,0.3172177884529307,0.4405159776589964,3,0.21622342767477268,0.12486828020718432,1.7316121221178813,0.3827126415835782,0.46763738776619224
ZERO,2,3,2022,VOL,50,14,14,0.4589402914260348,0.45434674819832244,4,0.2672700237878763,0.2823976423115015,0.94643149850756,0.5048959927827058,0.6026388244589784
ZERO,2,3,2023_PLUS,VOL,182,8,5,0.45616014899327617,0.43254972435672295,4,0.1431382409181735,0.057618095209680656,2.4842584677135293,0.7954717131260759,0.8191269522205961
ZERO,2,3,2024_PLUS,VOL,132,7,5,0.44393377271062545,0.3641365628767957,3,0.12594741596139214,0.05761809520968066,2.1859003756207334,0.7782851172801457,0.7992605881047559
ZERO,2,3,EX_MAJOR_SHOCKS,VOL,794,28,20,0.4574421658723922,0.44570159242915663,9,0.42783253190570325,0.2794043772975982,1.5312305986173287,0.8291310894438082,0.8383281485268143
ZERO,2,3,ALL,CORE_VOL,1017,59,46,0.6994413955120551,0.7126676530417468,19,0.6013838935256237,0.5835791420635232,1.030509574758178,0.8814774813916566,0.8719291771901562
ZERO,2,3,GFC,CORE_VOL,150,8,9,0.6372258664748437,0.6749048998856816,3,0.1457209018414477,0.2402439921553812,0.6065537811542886,0.8185701556790053,0.7915730740102915
ZERO,2,3,2011,CORE_VOL,49,0,1,,,0,0.0,0.017879785387722738,0.0,0.849673105856925,0.8771313986010623
ZERO,2,3,2015_2016,CORE_VOL,100,6,1,0.7060341903578295,0.7362728411217805,2,0.043396468064909904,0.00320307487192075,13.548377668389268,0.915403953940845,0.9452699189774046
ZERO,2,3,2018Q4,CORE_VOL,12,4,4,0.7536469485854802,0.7255764414251379,2,0.01645039818184728,0.0353720717461866,0.46506742098363996,0.7536469485854802,0.8319954371866133
ZERO,2,3,COVID,CORE_VOL,17,9,3,0.6586088942264654,0.7202579888294983,3,0.10811171383738634,0.06243414010359216,1.7316121221178813,0.6913563207917891,0.7338186938830961
ZERO,2,3,2022,CORE_VOL,50,14,14,0.7294701457130175,0.7271733740991613,4,0.1336350118939381,0.14119882115575072,0.9464314985075598,0.752447996391353,0.8013194122294892
ZERO,2,3,2023_PLUS,CORE_VOL,182,8,5,0.7280800744966381,0.7162748621783617,4,0.07156912045908675,0.02880904760484033,2.484258467713529,0.8977358565630381,0.9095634761102979
ZERO,2,3,2024_PLUS,CORE_VOL,132,7,5,0.7219668863553128,0.682068281438398,3,0.06297370798069607,0.02880904760484033,2.1859003756207334,0.8891425586400729,0.899630294052378
ZERO,2,3,EX_MAJOR_SHOCKS,CORE_VOL,794,28,20,0.7287210829361961,0.7228507962145784,9,0.21391626595285168,0.1397021886487991,1.5312305986173291,0.9145655447219041,0.9191640742634072
ZERO,3,0,ALL,VOL,1018,50,42,0.4142801901317247,0.3868912810110593,19,1.0327529116347698,1.0327959622465406,0.9999583164406673,0.7686945644915053,0.7437977069410229
ZERO,3,0,GFC,VOL,150,5,10,0.261863527132062,0.32074188629681094,2,0.18805886130728075,0.3865237180625017,0.48653899494175734,0.6458817067437184,0.5998372227340909
ZERO,3,0,2011,VOL,50,1,1,0.4309007437682654,0.4309007437682654,1,0.02699416570457114,0.028255660362759196,0.9553542673576761,0.6678214643261116,0.7210246454437486
ZERO,3,0,2015_2016,VOL,99,4,2,0.46462588467652616,0.3552525357327653,1,0.041860786690705955,0.00309801684876603,13.512123637216341,0.870483160225696,0.8882377713685938
ZERO,3,0,2018Q4,VOL,12,3,2,0.4614472382884613,0.46757685646298885,1,0.04337692103013979,0.04138141308436429,1.048222324880672,0.48537173361407404,0.6728062341262447
ZERO,3,0,COVID,VOL,17,9,3,0.28805354704745,0.23168477609456106,3,0.17748910073370144,0.15405450966568807,1.152118825465535,0.39653121060363616,0.32851239889277756
ZERO,3,0,2022,VOL,49,12,13,0.4696859524036107,0.44592103182158804,4,0.23474412659287025,0.3123146555280182,0.7516269968055054,0.5252464325879833,0.5678407814392834
ZERO,3,0,2023_PLUS,VOL,183,7,4,0.46094247123799675,0.43853537081890986,4,0.14387402063885318,0.045928373619724336,3.1325738165713153,0.7934604956477428,0.825970879879275
ZERO,3,0,2024_PLUS,VOL,133,7,3,0.46094247123799675,0.43853537081890986,4,0.14387402063885318,0.04041758084502546,3.5596890667582097,0.7756600518083773,0.8222601605185133
ZERO,3,0,EX_MAJOR_SHOCKS,VOL,796,24,16,0.47034318180738677,0.44801930561291015,10,0.43246082300091726,0.17990307899033264,2.4038544833585433,0.8299290023810159,0.8409157869575725
ZERO,3,0,ALL,CORE_VOL,1018,50,42,0.7071400950658623,0.6934456405055297,19,0.5163764558173849,0.5163979811232703,0.9999583164406673,0.8843472822457524,0.8718988534705113
ZERO,3,0,GFC,CORE_VOL,150,5,10,0.630931763566031,0.6603709431484055,2,0.09402943065364038,0.19326185903125084,0.48653899494175734,0.8229408533718593,0.7999186113670456
ZERO,3,0,2011,CORE_VOL,50,1,1,0.715450371884133,0.715450371884133,1,0.013497082852285566,0.014127830181379598,0.9553542673576758,0.833910732163056,0.8605123227218742
ZERO,3,0,2015_2016,CORE_VOL,99,4,2,0.7323129423382629,0.6776262678663827,1,0.02093039334535298,0.001549008424383015,13.512123637216343,0.9352415801128481,0.944118885684297
ZERO,3,0,2018Q4,CORE_VOL,12,3,2,0.7307236191442307,0.7337884282314944,1,0.0216884605150699,0.020690706542182146,1.0482223248806721,0.7426858668070371,0.8364031170631225
ZERO,3,0,COVID,CORE_VOL,17,9,3,0.6440267735237251,0.6158423880472805,3,0.08874455036685071,0.07702725483284405,1.1521188254655346,0.6982656053018181,0.6642561994463886
ZERO,3,0,2022,CORE_VOL,49,12,13,0.7348429762018055,0.7229605159107939,4,0.11737206329643513,0.1561573277640091,0.7516269968055054,0.7626232162939917,0.7839203907196418
ZERO,3,0,2023_PLUS,CORE_VOL,183,7,4,0.7304712356189984,0.719267685409455,4,0.07193701031942659,0.02296418680986217,3.132573816571315,0.8967302478238716,0.9129854399396374
ZERO,3,0,2024_PLUS,CORE_VOL,133,7,3,0.7304712356189984,0.719267685409455,4,0.07193701031942659,0.02020879042251273,3.5596890667582097,0.8878300259041886,0.9111300802592566
ZERO,3,0,EX_MAJOR_SHOCKS,CORE_VOL,796,24,16,0.7351715909036932,0.724009652806455,10,0.21623041150045863,0.08995153949516632,2.4038544833585433,0.914964501190508,0.920457893478786
ZERO,3,1,ALL,VOL,1018,50,42,0.4142801901317246,0.38689128101105924,19,1.0327529116347698,1.0327959622465406,0.9999583164406673,0.7686945644915053,0.7437977069410229
ZERO,3,1,GFC,VOL,150,5,10,0.26186352713206196,0.3207418862968109,2,0.18805886130728075,0.3865237180625017,0.48653899494175734,0.6458817067437184,0.5998372227340908
ZERO,3,1,2011,VOL,50,1,1,0.43090074376826537,0.43090074376826537,1,0.026994165704571145,0.028255660362759196,0.9553542673576763,0.6678214643261116,0.7210246454437486
ZERO,3,1,2015_2016,VOL,99,4,2,0.4646258846765261,0.3552525357327653,1,0.04186078669070596,0.0030980168487660304,13.512123637216341,0.870483160225696,0.8882377713685938
ZERO,3,1,2018Q4,VOL,12,3,2,0.4614472382884613,0.46757685646298885,1,0.0433769210301398,0.0413814130843643,1.048222324880672,0.48537173361407404,0.6728062341262447
ZERO,3,1,COVID,VOL,17,9,3,0.28805354704745,0.23168477609456106,3,0.17748910073370144,0.15405450966568807,1.152118825465535,0.39653121060363616,0.32851239889277756
ZERO,3,1,2022,VOL,49,12,13,0.4696859524036107,0.44592103182158815,4,0.2347441265928702,0.3123146555280182,0.7516269968055053,0.5252464325879834,0.5678407814392834
ZERO,3,1,2023_PLUS,VOL,183,7,4,0.46094247123799675,0.43853537081890986,4,0.14387402063885318,0.04592837361972434,3.132573816571315,0.7934604956477428,0.825970879879275
ZERO,3,1,2024_PLUS,VOL,133,7,3,0.46094247123799675,0.43853537081890986,4,0.14387402063885316,0.04041758084502546,3.5596890667582093,0.7756600518083773,0.8222601605185133
ZERO,3,1,EX_MAJOR_SHOCKS,VOL,796,24,16,0.47034318180738666,0.44801930561291015,10,0.43246082300091737,0.17990307899033264,2.403854483358544,0.829929002381016,0.8409157869575725
ZERO,3,1,ALL,CORE_VOL,1018,50,42,0.7071400950658623,0.6934456405055296,19,0.5163764558173849,0.5163979811232703,0.9999583164406673,0.8843472822457524,0.8718988534705113
ZERO,3,1,GFC,CORE_VOL,150,5,10,0.630931763566031,0.6603709431484054,2,0.09402943065364036,0.19326185903125082,0.48653899494175734,0.8229408533718592,0.7999186113670456
ZERO,3,1,2011,CORE_VOL,50,1,1,0.7154503718841326,0.7154503718841326,1,0.013497082852285576,0.014127830181379593,0.9553542673576768,0.833910732163056,0.8605123227218742
ZERO,3,1,2015_2016,CORE_VOL,99,4,2,0.7323129423382629,0.6776262678663827,1,0.020930393345352984,0.0015490084243830146,13.512123637216348,0.9352415801128481,0.944118885684297
ZERO,3,1,2018Q4,CORE_VOL,12,3,2,0.7307236191442307,0.7337884282314943,1,0.021688460515069893,0.020690706542182146,1.0482223248806717,0.7426858668070371,0.8364031170631225
ZERO,3,1,COVID,CORE_VOL,17,9,3,0.644026773523725,0.6158423880472805,3,0.08874455036685072,0.07702725483284402,1.1521188254655352,0.6982656053018181,0.6642561994463887
ZERO,3,1,2022,CORE_VOL,49,12,13,0.7348429762018054,0.7229605159107939,4,0.11737206329643513,0.15615732776400912,0.7516269968055053,0.7626232162939917,0.7839203907196418
ZERO,3,1,2023_PLUS,CORE_VOL,183,7,4,0.7304712356189983,0.7192676854094547,4,0.07193701031942663,0.02296418680986216,3.1325738165713184,0.8967302478238716,0.9129854399396375
ZERO,3,1,2024_PLUS,CORE_VOL,133,7,3,0.7304712356189983,0.7192676854094547,4,0.07193701031942662,0.020208790422512727,3.559689066758212,0.8878300259041886,0.9111300802592566
ZERO,3,1,EX_MAJOR_SHOCKS,CORE_VOL,796,24,16,0.7351715909036932,0.724009652806455,10,0.21623041150045869,0.08995153949516631,2.4038544833585442,0.914964501190508,0.920457893478786
ZERO,3,3,ALL,VOL,1018,50,42,0.4142801901317246,0.3868912810110593,19,1.0327529116347698,1.0327959622465406,0.9999583164406673,0.7686945644915053,0.7437977069410229
ZERO,3,3,GFC,VOL,150,5,10,0.26186352713206196,0.3207418862968109,2,0.18805886130728075,0.38652371806250174,0.4865389949417573,0.6458817067437184,0.5998372227340908
ZERO,3,3,2011,VOL,50,1,1,0.43090074376826537,0.43090074376826537,1,0.026994165704571145,0.028255660362759196,0.9553542673576763,0.6678214643261116,0.7210246454437486
ZERO,3,3,2015_2016,VOL,99,4,2,0.46462588467652616,0.35525253573276516,1,0.041860786690705955,0.0030980168487660304,13.51212363721634,0.8704831602256962,0.8882377713685939
ZERO,3,3,2018Q4,VOL,12,3,2,0.4614472382884613,0.4675768564629888,1,0.043376921030139785,0.04138141308436429,1.0482223248806717,0.485371733614074,0.6728062341262449
ZERO,3,3,COVID,VOL,17,9,3,0.28805354704745,0.23168477609456106,3,0.17748910073370144,0.15405450966568807,1.152118825465535,0.3965312106036361,0.32851239889277756
ZERO,3,3,2022,VOL,49,12,13,0.4696859524036107,0.44592103182158815,4,0.2347441265928702,0.3123146555280182,0.7516269968055053,0.5252464325879833,0.5678407814392834
ZERO,3,3,2023_PLUS,VOL,183,7,4,0.46094247123799675,0.43853537081890986,4,0.14387402063885318,0.045928373619724336,3.1325738165713153,0.7934604956477428,0.8259708798792752
ZERO,3,3,2024_PLUS,VOL,133,7,3,0.46094247123799675,0.43853537081890986,4,0.14387402063885318,0.04041758084502546,3.5596890667582097,0.7756600518083773,0.8222601605185133
ZERO,3,3,EX_MAJOR_SHOCKS,VOL,796,24,16,0.47034318180738666,0.44801930561291015,10,0.43246082300091726,0.17990307899033264,2.4038544833585433,0.829929002381016,0.8409157869575725
ZERO,3,3,ALL,CORE_VOL,1018,50,42,0.7071400950658623,0.6934456405055295,19,0.5163764558173849,0.5163979811232702,0.9999583164406676,0.8843472822457528,0.8718988534705114
ZERO,3,3,GFC,CORE_VOL,150,5,10,0.630931763566031,0.6603709431484054,2,0.09402943065364038,0.19326185903125082,0.4865389949417574,0.8229408533718592,0.7999186113670456
ZERO,3,3,2011,CORE_VOL,50,1,1,0.7154503718841327,0.7154503718841327,1,0.01349708285228557,0.014127830181379598,0.9553542673576761,0.833910732163056,0.8605123227218742
ZERO,3,3,2015_2016,CORE_VOL,99,4,2,0.7323129423382629,0.6776262678663826,1,0.02093039334535298,0.001549008424383015,13.512123637216343,0.9352415801128481,0.944118885684297
ZERO,3,3,2018Q4,CORE_VOL,12,3,2,0.7307236191442307,0.7337884282314943,1,0.0216884605150699,0.02069070654218213,1.0482223248806728,0.7426858668070371,0.8364031170631225
ZERO,3,3,COVID,CORE_VOL,17,9,3,0.644026773523725,0.6158423880472804,3,0.08874455036685072,0.07702725483284405,1.1521188254655348,0.6982656053018181,0.6642561994463886
ZERO,3,3,2022,CORE_VOL,49,12,13,0.7348429762018055,0.722960515910794,4,0.11737206329643513,0.15615732776400904,0.7516269968055057,0.7626232162939917,0.7839203907196418
ZERO,3,3,2023_PLUS,CORE_VOL,183,7,4,0.7304712356189984,0.719267685409455,4,0.07193701031942659,0.022964186809862175,3.1325738165713144,0.8967302478238716,0.9129854399396374
ZERO,3,3,2024_PLUS,CORE_VOL,133,7,3,0.7304712356189984,0.719267685409455,4,0.07193701031942659,0.020208790422512737,3.559689066758209,0.8878300259041886,0.9111300802592566
ZERO,3,3,EX_MAJOR_SHOCKS,CORE_VOL,796,24,16,0.7351715909036932,0.7240096528064551,10,0.21623041150045869,0.08995153949516632,2.403854483358544,0.914964501190508,0.920457893478786
ZERO,4,0,ALL,VOL,1018,59,42,0.41480957143590075,0.4253773454457645,23,1.302959062413017,0.9687508854594842,1.3449887705599524,0.7662217888697925,0.7411521681792268
ZERO,4,0,GFC,VOL,150,6,10,0.30091546078116765,0.2888132846105497,3,0.24762412043702947,0.4333147790708855,0.5714647466398115,0.6511605198255345,0.5736525500228689
ZERO,4,0,2011,VOL,50,3,0,0.4168205167517069,,0,0.08143620417268996,0.0,,0.6649194331222945,0.7416452857959713
ZERO,4,0,2015_2016,VOL,100,3,4,0.4404700755334788,0.448662736740707,1,0.051405588136611204,0.049129605618597236,1.0463260897244497,0.850574126242382,0.8834486673813878
ZERO,4,0,2018Q4,VOL,12,3,2,0.45443602283811046,0.4559085440075651,2,0.04093047851266343,0.019941344418096627,2.0525435825439793,0.45443602283811046,0.6491745336663595
ZERO,4,0,COVID,VOL,18,8,3,0.3169244735387879,0.333677362699504,4,0.22465053636493693,0.15247250270906768,1.4733839372571456,0.3731596256254047,0.5021807128825125
ZERO,4,0,2022,VOL,49,15,16,0.4809562665724062,0.43125283538230297,7,0.23648872545158428,0.19802166052555817,1.1942568546487937,0.5056207176861649,0.5969043995539698
ZERO,4,0,2023_PLUS,VOL,183,9,3,0.4366685670712528,0.46977896542190517,2,0.2638829978035236,0.04159433179815403,6.344205722166087,0.7690990216459634,0.8044552865028958
ZERO,4,0,2024_PLUS,VOL,133,9,3,0.4366685670712528,0.46977896542190517,2,0.26388299780352364,0.04159433179815403,6.344205722166088,0.7466418159698355,0.790575748201123
ZERO,4,0,EX_MAJOR_SHOCKS,VOL,795,30,13,0.45378334973016266,0.4848517741418775,9,0.5941956801594663,0.18494194315397283,3.2128768089387414,0.8243528102703876,0.8346134640789252
ZERO,4,0,ALL,CORE_VOL,1018,59,42,0.7074047857179505,0.7126886727228824,23,0.6514795312065085,0.48437544272974203,1.3449887705599526,0.8831108944348963,0.8705760840896133
ZERO,4,0,GFC,CORE_VOL,150,6,10,0.6504577303905837,0.6444066423052749,3,0.12381206021851474,0.21665738953544275,0.5714647466398115,0.8255802599127673,0.7868262750114344
ZERO,4,0,2011,CORE_VOL,50,3,0,0.7084102583758534,,0,0.04071810208634499,0.0,,0.8324597165611471,0.8708226428979858
ZERO,4,0,2015_2016,CORE_VOL,100,3,4,0.7202350377667395,0.7243313683703535,1,0.0257027940683056,0.02456480280929861,1.04632608972445,0.925287063121191,0.9417243336906939
ZERO,4,0,2018Q4,CORE_VOL,12,3,2,0.7272180114190552,0.7279542720037825,2,0.020465239256331716,0.009970672209048308,2.05254358254398,0.7272180114190552,0.8245872668331797
ZERO,4,0,COVID,CORE_VOL,18,8,3,0.6584622367693939,0.666838681349752,4,0.11232526818246846,0.07623625135453384,1.4733839372571456,0.6865798128127024,0.7510903564412562
ZERO,4,0,2022,CORE_VOL,49,15,16,0.7404781332862032,0.7156264176911515,7,0.11824436272579214,0.09901083026277908,1.1942568546487937,0.7528103588430827,0.7984521997769849
ZERO,4,0,2023_PLUS,CORE_VOL,183,9,3,0.7183342835356264,0.7348894827109527,2,0.1319414989017618,0.020797165899077007,6.344205722166088,0.884549510822982,0.9022276432514479
ZERO,4,0,2024_PLUS,CORE_VOL,133,9,3,0.7183342835356264,0.7348894827109527,2,0.1319414989017618,0.020797165899077007,6.344205722166088,0.8733209079849177,0.8952878741005617
ZERO,4,0,EX_MAJOR_SHOCKS,CORE_VOL,795,30,13,0.7268916748650813,0.7424258870709387,9,0.29709784007973317,0.09247097157698639,3.2128768089387423,0.9121764051351938,0.9173067320394628
ZERO,4,1,ALL,VOL,1018,59,42,0.41480957143590075,0.42537734544576455,23,1.302959062413017,0.9687508854594842,1.3449887705599524,0.7662217888697925,0.7411521681792268
ZERO,4,1,GFC,VOL,150,6,10,0.30091546078116765,0.2888132846105497,3,0.24762412043702947,0.4333147790708855,0.5714647466398115,0.6511605198255345,0.5736525500228689
ZERO,4,1,2011,VOL,50,3,0,0.4168205167517069,,0,0.08143620417268997,0.0,,0.6649194331222944,0.7416452857959713
ZERO,4,1,2015_2016,VOL,100,3,4,0.4404700755334789,0.44866273674070695,1,0.0514055881366112,0.049129605618597236,1.0463260897244497,0.850574126242382,0.8834486673813876
ZERO,4,1,2018Q4,VOL,12,3,2,0.45443602283811035,0.455908544007565,2,0.040930478512663446,0.019941344418096627,2.0525435825439797,0.45443602283811035,0.6491745336663595
ZERO,4,1,COVID,VOL,18,8,3,0.3169244735387879,0.33367736269950404,4,0.2246505363649369,0.15247250270906768,1.4733839372571453,0.3731596256254047,0.5021807128825125
ZERO,4,1,2022,VOL,49,15,16,0.4809562665724062,0.43125283538230297,7,0.23648872545158428,0.1980216605255582,1.1942568546487935,0.5056207176861649,0.5969043995539698
ZERO,4,1,2023_PLUS,VOL,183,9,3,0.43666856707125284,0.46977896542190517,2,0.2638829978035236,0.04159433179815403,6.344205722166087,0.7690990216459634,0.8044552865028958
ZERO,4,1,2024_PLUS,VOL,133,9,3,0.43666856707125284,0.46977896542190517,2,0.26388299780352364,0.04159433179815403,6.344205722166088,0.7466418159698355,0.7905757482011229
ZERO,4,1,EX_MAJOR_SHOCKS,VOL,795,30,13,0.45378334973016266,0.4848517741418775,9,0.5941956801594663,0.18494194315397283,3.2128768089387414,0.8243528102703876,0.8346134640789252
ZERO,4,1,ALL,CORE_VOL,1018,59,42,0.7074047857179504,0.7126886727228824,23,0.6514795312065084,0.48437544272974203,1.3449887705599524,0.8831108944348963,0.8705760840896133
ZERO,4,1,GFC,CORE_VOL,150,6,10,0.650457730390584,0.644406642305275,3,0.12381206021851468,0.2166573895354428,0.5714647466398111,0.8255802599127673,0.7868262750114344
ZERO,4,1,2011,CORE_VOL,50,3,0,0.7084102583758533,,0,0.04071810208634499,0.0,,0.8324597165611471,0.8708226428979856
ZERO,4,1,2015_2016,CORE_VOL,100,3,4,0.7202350377667394,0.7243313683703534,1,0.025702794068305605,0.02456480280929861,1.0463260897244502,0.925287063121191,0.9417243336906939
ZERO,4,1,2018Q4,CORE_VOL,12,3,2,0.7272180114190552,0.7279542720037828,2,0.020465239256331712,0.00997067220904831,2.0525435825439797,0.7272180114190552,0.8245872668331797
ZERO,4,1,COVID,CORE_VOL,18,8,3,0.6584622367693939,0.6668386813497521,4,0.11232526818246846,0.07623625135453381,1.473383937257146,0.6865798128127024,0.7510903564412564
ZERO,4,1,2022,CORE_VOL,49,15,16,0.7404781332862032,0.7156264176911514,7,0.11824436272579215,0.09901083026277908,1.1942568546487937,0.7528103588430827,0.7984521997769849
ZERO,4,1,2023_PLUS,CORE_VOL,183,9,3,0.7183342835356263,0.7348894827109527,2,0.1319414989017618,0.020797165899077007,6.344205722166088,0.884549510822982,0.902227643251448
ZERO,4,1,2024_PLUS,CORE_VOL,133,9,3,0.7183342835356263,0.7348894827109527,2,0.1319414989017618,0.020797165899077007,6.344205722166088,0.8733209079849179,0.8952878741005617
ZERO,4,1,EX_MAJOR_SHOCKS,CORE_VOL,795,30,13,0.7268916748650812,0.7424258870709388,9,0.2970978400797331,0.09247097157698639,3.212876808938742,0.9121764051351938,0.9173067320394628
ZERO,4,3,ALL,VOL,1018,59,42,0.41480957143590075,0.4253773454457645,23,1.302959062413017,0.9687508854594842,1.3449887705599524,0.7662217888697924,0.7411521681792268
ZERO,4,3,GFC,VOL,150,6,10,0.30091546078116765,0.2888132846105497,3,0.24762412043702947,0.4333147790708855,0.5714647466398115,0.6511605198255345,0.5736525500228689
ZERO,4,3,2011,VOL,50,3,0,0.4168205167517069,,0,0.08143620417268997,0.0,,0.6649194331222944,0.7416452857959713
ZERO,4,3,2015_2016,VOL,100,3,4,0.44047007553347894,0.44866273674070695,1,0.0514055881366112,0.049129605618597236,1.0463260897244497,0.850574126242382,0.8834486673813876
ZERO,4,3,2018Q4,VOL,12,3,2,0.4544360228381103,0.455908544007565,2,0.040930478512663446,0.019941344418096616,2.052543582543981,0.4544360228381103,0.6491745336663595
ZERO,4,3,COVID,VOL,18,8,3,0.31692447353878783,0.333677362699504,4,0.22465053636493693,0.15247250270906768,1.4733839372571456,0.3731596256254047,0.5021807128825124
ZERO,4,3,2022,VOL,49,15,16,0.4809562665724062,0.431252835382303,7,0.23648872545158434,0.19802166052555817,1.194256854648794,0.5056207176861649,0.5969043995539698
ZERO,4,3,2023_PLUS,VOL,183,9,3,0.4366685670712528,0.46977896542190517,2,0.2638829978035236,0.04159433179815403,6.344205722166087,0.7690990216459634,0.8044552865028958
ZERO,4,3,2024_PLUS,VOL,133,9,3,0.4366685670712528,0.46977896542190517,2,0.26388299780352364,0.04159433179815403,6.344205722166088,0.7466418159698355,0.790575748201123
ZERO,4,3,EX_MAJOR_SHOCKS,VOL,795,30,13,0.4537833497301626,0.48485177414187747,9,0.5941956801594663,0.1849419431539728,3.212876808938742,0.8243528102703876,0.8346134640789252
ZERO,4,3,ALL,CORE_VOL,1018,59,42,0.7074047857179505,0.7126886727228824,23,0.6514795312065085,0.4843754427297421,1.3449887705599524,0.8831108944348963,0.8705760840896133
ZERO,4,3,GFC,CORE_VOL,150,6,10,0.650457730390584,0.6444066423052749,3,0.12381206021851471,0.21665738953544275,0.5714647466398114,0.8255802599127673,0.7868262750114345
ZERO,4,3,2011,CORE_VOL,50,3,0,0.7084102583758536,,0,0.04071810208634498,0.0,,0.8324597165611473,0.8708226428979856
ZERO,4,3,2015_2016,CORE_VOL,100,3,4,0.7202350377667395,0.7243313683703533,1,0.0257027940683056,0.02456480280929861,1.04632608972445,0.925287063121191,0.9417243336906939
ZERO,4,3,2018Q4,CORE_VOL,12,3,2,0.7272180114190552,0.7279542720037826,2,0.020465239256331716,0.009970672209048306,2.0525435825439806,0.7272180114190552,0.8245872668331798
ZERO,4,3,COVID,CORE_VOL,18,8,3,0.658462236769394,0.6668386813497521,4,0.11232526818246844,0.07623625135453382,1.4733839372571456,0.6865798128127024,0.7510903564412562
ZERO,4,3,2022,CORE_VOL,49,15,16,0.740478133286203,0.7156264176911514,7,0.11824436272579217,0.0990108302627791,1.1942568546487937,0.7528103588430826,0.7984521997769851
ZERO,4,3,2023_PLUS,CORE_VOL,183,9,3,0.7183342835356264,0.7348894827109523,2,0.1319414989017618,0.02079716589907701,6.3442057221660875,0.884549510822982,0.9022276432514479
ZERO,4,3,2024_PLUS,CORE_VOL,133,9,3,0.7183342835356264,0.7348894827109523,2,0.13194149890176177,0.02079716589907701,6.344205722166087,0.8733209079849179,0.8952878741005617
ZERO,4,3,EX_MAJOR_SHOCKS,CORE_VOL,795,30,13,0.7268916748650814,0.7424258870709387,9,0.2970978400797331,0.09247097157698639,3.212876808938742,0.9121764051351938,0.9173067320394626
