cash_mode,offset,cost_bps,period,rule,target,exposure_error,dynamic_mean,static_mean
PROXY,0,0,ALL,VOL,0.8316915400137077,6.7309491313949366e-12,0.831821896905649,0.83182189691238
PROXY,0,0,GFC,VOL,0.7071872865271871,2.733258064324673e-12,0.7069036362497453,0.7069036362524785
PROXY,0,0,2011,VOL,0.788893161508895,4.120925822803656e-12,0.7886104184044044,0.7886104184085253
PROXY,0,0,2015_2016,VOL,0.9088557963332278,4.048872348505483e-12,0.9089897740763173,0.9089897740803662
PROXY,0,0,2018Q4,VOL,0.620371424658515,6.910028105266974e-13,0.619991881543818,0.619991881543127
PROXY,0,0,COVID,VOL,0.4960855866156635,6.594780277424661e-12,0.49755566163663173,0.4975556616432265
PROXY,0,0,2022,VOL,0.5675905190219055,5.852207607404125e-12,0.5663001945389603,0.5663001945331081
PROXY,0,0,2023_PLUS,VOL,0.8332942638007808,5.365152766501069e-12,0.8336697556018255,0.8336697556071907
PROXY,0,0,2024_PLUS,VOL,0.8299263841836364,4.193201341706754e-12,0.8302026186513219,0.8302026186555151
PROXY,0,0,EX_MAJOR_SHOCKS,VOL,0.8796432859453489,8.748557434046234e-13,0.8798196819343708,0.8798196819334959
PROXY,0,0,ALL,CORE_VOL,0.9158384351394488,6.709077737809821e-13,0.9159080836629635,0.9159080836636344
PROXY,0,0,GFC,CORE_VOL,0.853472038412292,7.063682971875096e-12,0.8532906931937133,0.853290693200777
PROXY,0,0,2011,CORE_VOL,0.8944112256649532,1.5687451337953462e-12,0.894246306190594,0.8942463061890252
PROXY,0,0,2015_2016,CORE_VOL,0.9544402846586308,3.5881297932860434e-12,0.9545101778090658,0.9545101778054776
PROXY,0,0,2018Q4,CORE_VOL,0.8103118820799864,8.524292383071952e-13,0.810047876817255,0.8100478768181074
PROXY,0,0,COVID,CORE_VOL,0.7483558676249231,6.0678129187863306e-12,0.7494064861441828,0.7494064861502506
PROXY,0,0,2022,CORE_VOL,0.7839307190515683,7.0110584005078636e-12,0.7830114874132352,0.7830114874202463
PROXY,0,0,2023_PLUS,CORE_VOL,0.9166848990062135,3.891442723613636e-12,0.9168895712663538,0.9168895712702453
PROXY,0,0,2024_PLUS,CORE_VOL,0.9150025361086591,5.168976358049804e-12,0.9151528043369995,0.9151528043421685
PROXY,0,0,EX_MAJOR_SHOCKS,CORE_VOL,0.9398374322117888,1.2865264409356314e-12,0.9399308317831355,0.939930831781849
PROXY,0,1,ALL,VOL,0.8316915400137077,6.730838109092474e-12,0.8318218969056491,0.83182189691238
PROXY,0,1,GFC,VOL,0.7071872865271871,2.7331470420222104e-12,0.7069036362497454,0.7069036362524785
PROXY,0,1,2011,VOL,0.788893161508895,4.120925822803656e-12,0.7886104184044044,0.7886104184085253
PROXY,0,1,2015_2016,VOL,0.9088557963332278,4.048872348505483e-12,0.9089897740763173,0.9089897740803662
PROXY,0,1,2018Q4,VOL,0.620371424658515,6.907807659217724e-13,0.619991881543818,0.6199918815431272
PROXY,0,1,COVID,VOL,0.4960855866156635,6.5946692551221986e-12,0.49755566163663184,0.4975556616432265
PROXY,0,1,2022,VOL,0.5675905190219055,5.852096585101663e-12,0.5663001945389602,0.5663001945331081
PROXY,0,1,2023_PLUS,VOL,0.8332942638007808,5.3652637888035315e-12,0.8336697556018255,0.8336697556071908
PROXY,0,1,2024_PLUS,VOL,0.8299263841836364,4.193201341706754e-12,0.8302026186513219,0.8302026186555151
PROXY,0,1,EX_MAJOR_SHOCKS,VOL,0.8796432859453489,8.748557434046234e-13,0.8798196819343708,0.8798196819334959
PROXY,0,1,ALL,CORE_VOL,0.9158384351394488,6.711298183859071e-13,0.9159080836629633,0.9159080836636344
PROXY,0,1,GFC,CORE_VOL,0.853472038412292,7.063682971875096e-12,0.8532906931937133,0.853290693200777
PROXY,0,1,2011,CORE_VOL,0.8944112256649532,1.5687451337953462e-12,0.894246306190594,0.8942463061890252
PROXY,0,1,2015_2016,CORE_VOL,0.9544402846586308,3.588240815588506e-12,0.9545101778090658,0.9545101778054775
PROXY,0,1,2018Q4,CORE_VOL,0.8103118820799864,8.523182160047327e-13,0.8100478768172551,0.8100478768181074
PROXY,0,1,COVID,CORE_VOL,0.7483558676249231,6.0678129187863306e-12,0.7494064861441828,0.7494064861502506
PROXY,0,1,2022,CORE_VOL,0.7839307190515683,7.010947378205401e-12,0.7830114874132353,0.7830114874202463
PROXY,0,1,2023_PLUS,CORE_VOL,0.9166848990062135,3.891442723613636e-12,0.9168895712663538,0.9168895712702453
PROXY,0,1,2024_PLUS,CORE_VOL,0.9150025361086591,5.168754313444879e-12,0.9151528043369995,0.9151528043421683
PROXY,0,1,EX_MAJOR_SHOCKS,CORE_VOL,0.9398374322117888,1.2865264409356314e-12,0.9399308317831355,0.939930831781849
PROXY,0,3,ALL,VOL,0.8316915400137077,6.7309491313949366e-12,0.831821896905649,0.83182189691238
PROXY,0,3,GFC,VOL,0.7071872865271871,2.7331470420222104e-12,0.7069036362497454,0.7069036362524785
PROXY,0,3,2011,VOL,0.788893161508895,4.120925822803656e-12,0.7886104184044044,0.7886104184085253
PROXY,0,3,2015_2016,VOL,0.9088557963332278,4.048872348505483e-12,0.9089897740763173,0.9089897740803662
PROXY,0,3,2018Q4,VOL,0.620371424658515,6.911138328291599e-13,0.619991881543818,0.6199918815431269
PROXY,0,3,COVID,VOL,0.4960855866156635,6.594780277424661e-12,0.49755566163663173,0.4975556616432265
PROXY,0,3,2022,VOL,0.5675905190219055,5.852207607404125e-12,0.5663001945389603,0.5663001945331081
PROXY,0,3,2023_PLUS,VOL,0.8332942638007808,5.365152766501069e-12,0.8336697556018255,0.8336697556071907
PROXY,0,3,2024_PLUS,VOL,0.8299263841836364,4.193201341706754e-12,0.8302026186513219,0.8302026186555151
PROXY,0,3,EX_MAJOR_SHOCKS,VOL,0.8796432859453489,8.748557434046234e-13,0.8798196819343708,0.8798196819334959
PROXY,0,3,ALL,CORE_VOL,0.9158384351394488,6.709077737809821e-13,0.9159080836629635,0.9159080836636344
PROXY,0,3,GFC,CORE_VOL,0.853472038412292,7.063682971875096e-12,0.8532906931937133,0.853290693200777
PROXY,0,3,2011,CORE_VOL,0.8944112256649532,1.5687451337953462e-12,0.894246306190594,0.8942463061890252
PROXY,0,3,2015_2016,CORE_VOL,0.9544402846586308,3.5881297932860434e-12,0.9545101778090658,0.9545101778054776
PROXY,0,3,2018Q4,CORE_VOL,0.8103118820799864,8.524292383071952e-13,0.810047876817255,0.8100478768181074
PROXY,0,3,COVID,CORE_VOL,0.7483558676249231,6.0678129187863306e-12,0.7494064861441828,0.7494064861502506
PROXY,0,3,2022,CORE_VOL,0.7839307190515683,7.0110584005078636e-12,0.7830114874132353,0.7830114874202464
PROXY,0,3,2023_PLUS,CORE_VOL,0.9166848990062135,3.891442723613636e-12,0.9168895712663538,0.9168895712702453
PROXY,0,3,2024_PLUS,CORE_VOL,0.9150025361086591,5.168754313444879e-12,0.9151528043369995,0.9151528043421683
PROXY,0,3,EX_MAJOR_SHOCKS,CORE_VOL,0.9398374322117888,1.2865264409356314e-12,0.9399308317831355,0.939930831781849
PROXY,1,0,ALL,VOL,0.8322772743485984,2.0224932839596477e-12,0.8324052890347655,0.832405289036788
PROXY,1,0,GFC,VOL,0.7097334858044633,2.6261215424483453e-12,0.7098541266473031,0.709854126644677
PROXY,1,0,2011,VOL,0.7932646647750516,7.132294754796931e-12,0.792991636102024,0.7929916360948916
PROXY,1,0,2015_2016,VOL,0.901030478948087,6.5746297295277145e-12,0.9010220589652572,0.9010220589718319
PROXY,1,0,2018Q4,VOL,0.6314395479639643,1.9519941218959502e-12,0.6294512992502646,0.6294512992522165
PROXY,1,0,COVID,VOL,0.5042489877450862,4.894973315572315e-13,0.5043158335099226,0.5043158335094331
PROXY,1,0,2022,VOL,0.5661770236256416,6.437517185986508e-12,0.5653008216704107,0.5653008216639732
PROXY,1,0,2023_PLUS,VOL,0.8368274762251531,3.858691144387194e-12,0.8370827913484818,0.8370827913446232
PROXY,1,0,2024_PLUS,VOL,0.8315414652097388,6.235012506294879e-13,0.8316736000053375,0.831673600004714
PROXY,1,0,EX_MAJOR_SHOCKS,VOL,0.8797865172309685,6.1132210404934995e-12,0.8799235258742815,0.8799235258681682
PROXY,1,0,ALL,CORE_VOL,0.9161632320683566,3.2135405447775156e-12,0.916231402634094,0.9162314026308804
PROXY,1,0,GFC,CORE_VOL,0.854868189249828,5.786482404346316e-12,0.8549312506872279,0.8549312506814414
PROXY,1,0,2011,CORE_VOL,0.8966800604466698,9.056089211867402e-13,0.8965218593016183,0.8965218593025239
PROXY,1,0,2015_2016,CORE_VOL,0.9505359511458664,4.2743586448068527e-13,0.950530958497956,0.9505309584983834
PROXY,1,0,2018Q4,CORE_VOL,0.8158157798679895,2.148503597254603e-12,0.8145090998208147,0.8145090998229632
PROXY,1,0,COVID,CORE_VOL,0.7523207754202303,4.330757974457811e-12,0.7523031536593902,0.7523031536550594
PROXY,1,0,2022,CORE_VOL,0.7831808321570861,5.4963811280117625e-12,0.7825461469848446,0.782546146990341
PROXY,1,0,2023_PLUS,CORE_VOL,0.9185062122196541,1.9551027463649007e-13,0.9186440983103814,0.9186440983105769
PROXY,1,0,2024_PLUS,CORE_VOL,0.91588026201498,1.3481438188023276e-12,0.915950573048854,0.9159505730502021
PROXY,1,0,EX_MAJOR_SHOCKS,CORE_VOL,0.9399286160405609,1.3418155475619642e-12,0.9400008619119317,0.9400008619105898
PROXY,1,1,ALL,VOL,0.8322772743485984,2.022382261657185e-12,0.8324052890347656,0.832405289036788
PROXY,1,1,GFC,VOL,0.7097334858044633,2.6261215424483453e-12,0.7098541266473031,0.709854126644677
PROXY,1,1,2011,VOL,0.7932646647750516,7.132294754796931e-12,0.792991636102024,0.7929916360948916
PROXY,1,1,2015_2016,VOL,0.901030478948087,6.574518707225252e-12,0.9010220589652573,0.9010220589718319
PROXY,1,1,2018Q4,VOL,0.6314395479639643,1.9518830995934877e-12,0.6294512992502647,0.6294512992522165
PROXY,1,1,COVID,VOL,0.5042489877450862,4.894973315572315e-13,0.5043158335099226,0.5043158335094331
PROXY,1,1,2022,VOL,0.5661770236256416,6.437406163684045e-12,0.5653008216704106,0.5653008216639732
PROXY,1,1,2023_PLUS,VOL,0.8368274762251531,3.858691144387194e-12,0.8370827913484818,0.8370827913446232
PROXY,1,1,2024_PLUS,VOL,0.8315414652097388,6.235012506294879e-13,0.8316736000053375,0.831673600004714
PROXY,1,1,EX_MAJOR_SHOCKS,VOL,0.8797865172309685,6.1132210404934995e-12,0.8799235258742815,0.8799235258681682
PROXY,1,1,ALL,CORE_VOL,0.9161632320683566,3.213429522475053e-12,0.916231402634094,0.9162314026308805
PROXY,1,1,GFC,CORE_VOL,0.854868189249828,5.786482404346316e-12,0.8549312506872279,0.8549312506814414
PROXY,1,1,2011,CORE_VOL,0.8966800604466698,9.057199434892027e-13,0.8965218593016183,0.896521859302524
PROXY,1,1,2015_2016,CORE_VOL,0.9505359511458664,4.275468867831478e-13,0.9505309584979559,0.9505309584983834
PROXY,1,1,2018Q4,CORE_VOL,0.8158157798679895,2.1483925749521404e-12,0.8145090998208147,0.814509099822963
PROXY,1,1,COVID,CORE_VOL,0.7523207754202303,4.330980019062736e-12,0.7523031536593904,0.7523031536550594
PROXY,1,1,2022,CORE_VOL,0.7831808321570861,5.4963811280117625e-12,0.7825461469848445,0.7825461469903409
PROXY,1,1,2023_PLUS,CORE_VOL,0.9185062122196541,1.9551027463649007e-13,0.9186440983103814,0.9186440983105769
PROXY,1,1,2024_PLUS,CORE_VOL,0.91588026201498,1.3481438188023276e-12,0.915950573048854,0.9159505730502021
PROXY,1,1,EX_MAJOR_SHOCKS,CORE_VOL,0.9399286160405609,1.3419265698644267e-12,0.9400008619119317,0.9400008619105897
PROXY,1,3,ALL,VOL,0.8322772743485984,2.0224932839596477e-12,0.8324052890347655,0.832405289036788
PROXY,1,3,GFC,VOL,0.7097334858044633,2.6261215424483453e-12,0.7098541266473031,0.709854126644677
PROXY,1,3,2011,VOL,0.7932646647750516,7.132294754796931e-12,0.792991636102024,0.7929916360948916
PROXY,1,3,2015_2016,VOL,0.901030478948087,6.574518707225252e-12,0.9010220589652573,0.9010220589718319
PROXY,1,3,2018Q4,VOL,0.6314395479639643,1.9519941218959502e-12,0.6294512992502646,0.6294512992522165
PROXY,1,3,COVID,VOL,0.5042489877450862,4.897193761621565e-13,0.5043158335099226,0.5043158335094329
PROXY,1,3,2022,VOL,0.5661770236256416,6.43762820828897e-12,0.5653008216704108,0.5653008216639732
PROXY,1,3,2023_PLUS,VOL,0.8368274762251531,3.858691144387194e-12,0.8370827913484818,0.8370827913446232
PROXY,1,3,2024_PLUS,VOL,0.8315414652097388,6.235012506294879e-13,0.8316736000053375,0.831673600004714
PROXY,1,3,EX_MAJOR_SHOCKS,VOL,0.8797865172309685,6.1132210404934995e-12,0.8799235258742815,0.8799235258681682
PROXY,1,3,ALL,CORE_VOL,0.9161632320683566,3.2135405447775156e-12,0.916231402634094,0.9162314026308804
PROXY,1,3,GFC,CORE_VOL,0.854868189249828,5.786482404346316e-12,0.8549312506872279,0.8549312506814414
PROXY,1,3,2011,CORE_VOL,0.8966800604466698,9.056089211867402e-13,0.8965218593016184,0.896521859302524
PROXY,1,3,2015_2016,CORE_VOL,0.9505359511458664,4.275468867831478e-13,0.9505309584979559,0.9505309584983834
PROXY,1,3,2018Q4,CORE_VOL,0.8158157798679895,2.148503597254603e-12,0.8145090998208147,0.8145090998229632
PROXY,1,3,COVID,CORE_VOL,0.7523207754202303,4.330757974457811e-12,0.7523031536593902,0.7523031536550594
PROXY,1,3,2022,CORE_VOL,0.7831808321570861,5.4963811280117625e-12,0.7825461469848446,0.782546146990341
PROXY,1,3,2023_PLUS,CORE_VOL,0.9185062122196541,1.9551027463649007e-13,0.9186440983103814,0.9186440983105769
PROXY,1,3,2024_PLUS,CORE_VOL,0.91588026201498,1.3481438188023276e-12,0.915950573048854,0.9159505730502021
PROXY,1,3,EX_MAJOR_SHOCKS,CORE_VOL,0.9399286160405609,1.3420375921668892e-12,0.9400008619119318,0.9400008619105897
PROXY,2,0,ALL,VOL,0.8303944704894093,6.581846179187778e-12,0.8305784245177552,0.8305784245243371
PROXY,2,0,GFC,VOL,0.7084895302468794,6.736278201913137e-12,0.7087982018128336,0.7087982018195699
PROXY,2,0,2011,VOL,0.7945572389071458,6.3788974102862994e-12,0.7950394632932227,0.7950394632868438
PROXY,2,0,2015_2016,VOL,0.8994972463333397,1.004196725773454e-12,0.8996360108145655,0.8996360108135613
PROXY,2,0,2018Q4,VOL,0.6005400811482104,4.388378549435856e-12,0.5977008103254727,0.5977008103298611
PROXY,2,0,COVID,VOL,0.5026616478498909,3.034683615510403e-12,0.5038915276215051,0.5038915276245398
PROXY,2,0,2022,VOL,0.5589350740701775,2.283728761653947e-13,0.558335257216708,0.5583352572169363
PROXY,2,0,2023_PLUS,VOL,0.8324813225117396,1.0588196985850118e-12,0.8326415754133469,0.8326415754144058
PROXY,2,0,2024_PLUS,VOL,0.827412841921614,2.0523582833220644e-12,0.8275020995622747,0.8275020995602224
PROXY,2,0,EX_MAJOR_SHOCKS,VOL,0.8781294609289034,7.549516567451064e-13,0.8782847821984802,0.8782847821992351
PROXY,2,0,ALL,CORE_VOL,0.9152398378428188,6.106226635438361e-15,0.9153387905884012,0.9153387905884073
PROXY,2,0,GFC,CORE_VOL,0.8542607294439222,4.245714890771524e-12,0.8544356016019129,0.8544356015976672
PROXY,2,0,2011,CORE_VOL,0.8974037141379085,7.132516799401856e-12,0.8976718945276353,0.8976718945347678
PROXY,2,0,2015_2016,CORE_VOL,0.9498080231351196,6.48925357893404e-12,0.9498805381437538,0.9498805381372646
PROXY,2,0,2018Q4,CORE_VOL,0.8003329682032927,6.179390332761159e-12,0.7984117668429912,0.7984117668368118
PROXY,2,0,COVID,CORE_VOL,0.7520935106222169,1.1446399383885364e-12,0.7529699787771379,0.7529699787782825
PROXY,2,0,2022,CORE_VOL,0.7795740082729026,6.171729793891245e-12,0.7791229651209726,0.7791229651148008
PROXY,2,0,2023_PLUS,CORE_VOL,0.9162603766817483,4.208411397144118e-12,0.9163465455494094,0.916346545545201
PROXY,2,0,2024_PLUS,CORE_VOL,0.913715732669516,7.184697281559238e-12,0.9137627991257439,0.9137627991329286
PROXY,2,0,EX_MAJOR_SHOCKS,CORE_VOL,0.9390959282391123,4.1744385725905886e-13,0.9391780030979687,0.9391780030983862
PROXY,2,1,ALL,VOL,0.8303944704894093,6.581624134582853e-12,0.8305784245177552,0.8305784245243368
PROXY,2,1,GFC,VOL,0.7084895302468794,6.736278201913137e-12,0.7087982018128336,0.7087982018195699
PROXY,2,1,2011,VOL,0.7945572389071458,6.3788974102862994e-12,0.7950394632932227,0.7950394632868438
PROXY,2,1,2015_2016,VOL,0.8994972463333397,1.004196725773454e-12,0.8996360108145655,0.8996360108135613
PROXY,2,1,2018Q4,VOL,0.6005400811482104,4.388378549435856e-12,0.5977008103254727,0.5977008103298611
PROXY,2,1,COVID,VOL,0.5026616478498909,3.034905660115328e-12,0.5038915276215049,0.5038915276245398
PROXY,2,1,2022,VOL,0.5589350740701775,2.283728761653947e-13,0.558335257216708,0.5583352572169363
PROXY,2,1,2023_PLUS,VOL,0.8324813225117396,1.0588196985850118e-12,0.8326415754133469,0.8326415754144058
PROXY,2,1,2024_PLUS,VOL,0.827412841921614,2.0523582833220644e-12,0.8275020995622747,0.8275020995602224
PROXY,2,1,EX_MAJOR_SHOCKS,VOL,0.8781294609289034,7.548406344426439e-13,0.8782847821984802,0.878284782199235
PROXY,2,1,ALL,CORE_VOL,0.9152398378428188,6.106226635438361e-15,0.9153387905884012,0.9153387905884073
PROXY,2,1,GFC,CORE_VOL,0.8542607294439222,4.245825913073986e-12,0.8544356016019129,0.8544356015976671
PROXY,2,1,2011,CORE_VOL,0.8974037141379085,7.132627821704318e-12,0.8976718945276353,0.8976718945347679
PROXY,2,1,2015_2016,CORE_VOL,0.9498080231351196,6.48925357893404e-12,0.9498805381437538,0.9498805381372646
PROXY,2,1,2018Q4,CORE_VOL,0.8003329682032927,6.179168288156234e-12,0.7984117668429912,0.798411766836812
PROXY,2,1,COVID,CORE_VOL,0.7520935106222169,1.1446399383885364e-12,0.7529699787771379,0.7529699787782825
PROXY,2,1,2022,CORE_VOL,0.7795740082729026,6.171729793891245e-12,0.7791229651209726,0.7791229651148008
PROXY,2,1,2023_PLUS,CORE_VOL,0.9162603766817483,4.208411397144118e-12,0.9163465455494094,0.916346545545201
PROXY,2,1,2024_PLUS,CORE_VOL,0.913715732669516,7.1848083038617006e-12,0.9137627991257438,0.9137627991329286
PROXY,2,1,EX_MAJOR_SHOCKS,CORE_VOL,0.9390959282391123,4.1744385725905886e-13,0.9391780030979687,0.9391780030983862
PROXY,2,3,ALL,VOL,0.8303944704894093,6.581624134582853e-12,0.8305784245177552,0.8305784245243368
PROXY,2,3,GFC,VOL,0.7084895302468794,6.736278201913137e-12,0.7087982018128336,0.7087982018195699
PROXY,2,3,2011,VOL,0.7945572389071458,6.3788974102862994e-12,0.7950394632932227,0.7950394632868438
PROXY,2,3,2015_2016,VOL,0.8994972463333397,1.004196725773454e-12,0.8996360108145655,0.8996360108135613
PROXY,2,3,2018Q4,VOL,0.6005400811482104,4.388378549435856e-12,0.5977008103254727,0.5977008103298611
PROXY,2,3,COVID,VOL,0.5026616478498909,3.034683615510403e-12,0.5038915276215051,0.5038915276245398
PROXY,2,3,2022,VOL,0.5589350740701775,2.284838984678572e-13,0.558335257216708,0.5583352572169364
PROXY,2,3,2023_PLUS,VOL,0.8324813225117396,1.0588196985850118e-12,0.8326415754133469,0.8326415754144058
PROXY,2,3,2024_PLUS,VOL,0.827412841921614,2.0523582833220644e-12,0.8275020995622747,0.8275020995602224
PROXY,2,3,EX_MAJOR_SHOCKS,VOL,0.8781294609289034,7.548406344426439e-13,0.8782847821984802,0.878284782199235
PROXY,2,3,ALL,CORE_VOL,0.9152398378428188,6.106226635438361e-15,0.9153387905884012,0.9153387905884073
PROXY,2,3,GFC,CORE_VOL,0.8542607294439222,4.245714890771524e-12,0.8544356016019129,0.8544356015976672
PROXY,2,3,2011,CORE_VOL,0.8974037141379085,7.132516799401856e-12,0.8976718945276353,0.8976718945347678
PROXY,2,3,2015_2016,CORE_VOL,0.9498080231351196,6.4891425566315775e-12,0.9498805381437538,0.9498805381372647
PROXY,2,3,2018Q4,CORE_VOL,0.8003329682032927,6.179390332761159e-12,0.7984117668429912,0.7984117668368118
PROXY,2,3,COVID,CORE_VOL,0.7520935106222169,1.1446399383885364e-12,0.7529699787771379,0.7529699787782825
PROXY,2,3,2022,CORE_VOL,0.7795740082729026,6.171729793891245e-12,0.7791229651209726,0.7791229651148008
PROXY,2,3,2023_PLUS,CORE_VOL,0.9162603766817483,4.208522419446581e-12,0.9163465455494095,0.916346545545201
PROXY,2,3,2024_PLUS,CORE_VOL,0.913715732669516,7.184697281559238e-12,0.9137627991257439,0.9137627991329286
PROXY,2,3,EX_MAJOR_SHOCKS,CORE_VOL,0.9390959282391123,4.175548795615214e-13,0.9391780030979686,0.9391780030983862
PROXY,3,0,ALL,VOL,0.8311313314261497,4.1799896877137144e-13,0.8312717250281182,0.8312717250277002
PROXY,3,0,GFC,VOL,0.7092962646347587,4.0676351176216485e-12,0.7092864945793222,0.7092864945833899
PROXY,3,0,2011,VOL,0.7884522117601591,2.592259740197278e-12,0.7887331702633315,0.7887331702607392
PROXY,3,0,2015_2016,VOL,0.9025914427111275,2.4599211556619593e-12,0.9025568810435939,0.9025568810460538
PROXY,3,0,2018Q4,VOL,0.6205748741122079,6.590727963384779e-12,0.620750743402139,0.6207507434087297
PROXY,3,0,COVID,VOL,0.4880229849295574,3.40394379350073e-13,0.48684546761027325,0.48684546761061365
PROXY,3,0,2022,VOL,0.5567810817228747,7.0642380833874086e-12,0.5561119666272993,0.5561119666202351
PROXY,3,0,2023_PLUS,VOL,0.8337707638493157,2.809086296906571e-12,0.8340021349062053,0.8340021349033963
PROXY,3,0,2024_PLUS,VOL,0.8269030194715015,1.1260992138772963e-12,0.8270936572539838,0.8270936572551099
PROXY,3,0,EX_MAJOR_SHOCKS,VOL,0.8793898002259084,4.043543277987283e-12,0.8795591819818481,0.8795591819778046
PROXY,3,0,ALL,CORE_VOL,0.9155554657409084,6.7584826624056404e-12,0.9156305542706178,0.9156305542773763
PROXY,3,0,GFC,CORE_VOL,0.8545720584006631,1.8353096820078463e-12,0.8545547975006322,0.8545547975024675
PROXY,3,0,2011,CORE_VOL,0.8942920837798738,5.655476087440547e-13,0.8944473552552696,0.8944473552547041
PROXY,3,0,2015_2016,CORE_VOL,0.9513040902456851,3.0944136142352363e-12,0.951285228767165,0.9512852287702595
PROXY,3,0,2018Q4,CORE_VOL,0.8104651930261753,1.2295719997723609e-12,0.8105617118832361,0.8105617118820065
PROXY,3,0,COVID,CORE_VOL,0.7437341197146452,2.904454454721872e-12,0.7427772772366205,0.7427772772395249
PROXY,3,0,2022,CORE_VOL,0.7784234454084071,5.5138116294983774e-12,0.7779251614687493,0.7779251614632355
PROXY,3,0,2023_PLUS,CORE_VOL,0.9169167189320433,6.681322162194192e-12,0.917042209282256,0.9170422092755747
PROXY,3,0,2024_PLUS,CORE_VOL,0.9134879161065328,7.046696559598331e-12,0.9135913179440405,0.9135913179369938
PROXY,3,0,EX_MAJOR_SHOCKS,CORE_VOL,0.9397231700204429,6.5679683913799636e-12,0.939812806508887,0.939812806502319
PROXY,3,1,ALL,VOL,0.8311313314261497,4.1799896877137144e-13,0.8312717250281182,0.8312717250277002
PROXY,3,1,GFC,VOL,0.7092962646347587,4.0678571622265736e-12,0.7092864945793222,0.7092864945833901
PROXY,3,1,2011,VOL,0.7884522117601591,2.5923707624997405e-12,0.7887331702633316,0.7887331702607392
PROXY,3,1,2015_2016,VOL,0.9025914427111275,2.4599211556619593e-12,0.9025568810435939,0.9025568810460538
PROXY,3,1,2018Q4,VOL,0.6205748741122079,6.590727963384779e-12,0.620750743402139,0.6207507434087297
PROXY,3,1,COVID,VOL,0.4880229849295574,3.402833570476105e-13,0.4868454676102733,0.4868454676106136
PROXY,3,1,2022,VOL,0.5567810817228747,7.064349105689871e-12,0.5561119666272994,0.5561119666202351
PROXY,3,1,2023_PLUS,VOL,0.8337707638493157,2.809086296906571e-12,0.8340021349062053,0.8340021349033963
PROXY,3,1,2024_PLUS,VOL,0.8269030194715015,1.1260992138772963e-12,0.8270936572539838,0.8270936572551099
PROXY,3,1,EX_MAJOR_SHOCKS,VOL,0.8793898002259084,4.043543277987283e-12,0.8795591819818481,0.8795591819778046
PROXY,3,1,ALL,CORE_VOL,0.9155554657409084,6.7584826624056404e-12,0.9156305542706178,0.9156305542773763
PROXY,3,1,GFC,CORE_VOL,0.8545720584006631,1.835642748915234e-12,0.8545547975006322,0.8545547975024679
PROXY,3,1,2011,CORE_VOL,0.8942920837798738,5.656586310465173e-13,0.8944473552552697,0.8944473552547041
PROXY,3,1,2015_2016,CORE_VOL,0.9513040902456851,3.0944136142352363e-12,0.951285228767165,0.9512852287702595
PROXY,3,1,2018Q4,CORE_VOL,0.8104651930261753,1.2296830220748234e-12,0.8105617118832362,0.8105617118820065
PROXY,3,1,COVID,CORE_VOL,0.7437341197146452,2.904454454721872e-12,0.7427772772366205,0.7427772772395249
PROXY,3,1,2022,CORE_VOL,0.7784234454084071,5.5138116294983774e-12,0.7779251614687493,0.7779251614632355
PROXY,3,1,2023_PLUS,CORE_VOL,0.9169167189320433,6.681322162194192e-12,0.917042209282256,0.9170422092755747
PROXY,3,1,2024_PLUS,CORE_VOL,0.9134879161065328,7.046696559598331e-12,0.9135913179440405,0.9135913179369938
PROXY,3,1,EX_MAJOR_SHOCKS,CORE_VOL,0.9397231700204429,6.5679683913799636e-12,0.939812806508887,0.939812806502319
PROXY,3,3,ALL,VOL,0.8311313314261497,4.177769241664464e-13,0.831271725028118,0.8312717250277002
PROXY,3,3,GFC,VOL,0.7092962646347587,4.0678571622265736e-12,0.7092864945793222,0.7092864945833901
PROXY,3,3,2011,VOL,0.7884522117601591,2.5923707624997405e-12,0.7887331702633316,0.7887331702607392
PROXY,3,3,2015_2016,VOL,0.9025914427111275,2.4599211556619593e-12,0.9025568810435939,0.9025568810460538
PROXY,3,3,2018Q4,VOL,0.6205748741122079,6.590727963384779e-12,0.620750743402139,0.6207507434087297
PROXY,3,3,COVID,VOL,0.4880229849295574,3.4033886819884174e-13,0.4868454676102733,0.48684546761061365
PROXY,3,3,2022,VOL,0.5567810817228747,7.064127061084946e-12,0.5561119666272993,0.5561119666202352
PROXY,3,3,2023_PLUS,VOL,0.8337707638493157,2.8089752746041086e-12,0.8340021349062053,0.8340021349033964
PROXY,3,3,2024_PLUS,VOL,0.8269030194715015,1.1260992138772963e-12,0.8270936572539838,0.8270936572551099
PROXY,3,3,EX_MAJOR_SHOCKS,VOL,0.8793898002259084,4.043543277987283e-12,0.8795591819818481,0.8795591819778046
PROXY,3,3,ALL,CORE_VOL,0.9155554657409084,6.7584826624056404e-12,0.9156305542706178,0.9156305542773763
PROXY,3,3,GFC,CORE_VOL,0.8545720584006631,1.835642748915234e-12,0.8545547975006322,0.8545547975024679
PROXY,3,3,2011,CORE_VOL,0.8942920837798738,5.656586310465173e-13,0.8944473552552697,0.8944473552547041
PROXY,3,3,2015_2016,CORE_VOL,0.9513040902456851,3.0944136142352363e-12,0.951285228767165,0.9512852287702595
PROXY,3,3,2018Q4,CORE_VOL,0.8104651930261753,1.2295719997723609e-12,0.8105617118832361,0.8105617118820065
PROXY,3,3,COVID,CORE_VOL,0.7437341197146452,2.9043434324194095e-12,0.7427772772366206,0.7427772772395249
PROXY,3,3,2022,CORE_VOL,0.7784234454084071,5.513700607195915e-12,0.7779251614687492,0.7779251614632355
PROXY,3,3,2023_PLUS,CORE_VOL,0.9169167189320433,6.681544206799117e-12,0.917042209282256,0.9170422092755744
PROXY,3,3,2024_PLUS,CORE_VOL,0.9134879161065328,7.046918604203256e-12,0.9135913179440407,0.9135913179369938
PROXY,3,3,EX_MAJOR_SHOCKS,CORE_VOL,0.9397231700204429,6.5679683913799636e-12,0.939812806508887,0.939812806502319
PROXY,4,0,ALL,VOL,0.8287756044665002,3.5039748880194566e-12,0.8288591851057474,0.8288591851022434
PROXY,4,0,GFC,VOL,0.7094025034093647,6.923794870772326e-12,0.7091769794449492,0.709176979451873
PROXY,4,0,2011,VOL,0.7792692537841504,1.998845533535132e-12,0.7791492259224788,0.77914922592048
PROXY,4,0,2015_2016,VOL,0.9044050970478565,4.433897693445488e-12,0.9044015258407851,0.904401525845219
PROXY,4,0,2018Q4,VOL,0.6199614572615246,4.469424830233493e-12,0.6169035737158847,0.6169035737114152
PROXY,4,0,COVID,VOL,0.4831162959962967,3.407829574086918e-12,0.4827115500632612,0.48271155006666905
PROXY,4,0,2022,VOL,0.5549555137185962,1.453503983839255e-12,0.5540971662867086,0.5540971662852551
PROXY,4,0,2023_PLUS,VOL,0.8236038066752371,6.927125539846202e-12,0.8237946779503842,0.8237946779434571
PROXY,4,0,2024_PLUS,VOL,0.8171918012449169,3.1648017539964712e-12,0.8173813971741822,0.8173813971710174
PROXY,4,0,EX_MAJOR_SHOCKS,VOL,0.8765728662037873,3.795186387378635e-12,0.8767075803063781,0.8767075803025829
PROXY,4,0,ALL,CORE_VOL,0.9143575427806354,4.450551038814865e-12,0.9144012766999807,0.9144012766955302
PROXY,4,0,GFC,CORE_VOL,0.8545069303872879,1.4018786131941852e-12,0.8543580891237733,0.8543580891251752
PROXY,4,0,2011,CORE_VOL,0.8896624808330671,5.927480728473711e-13,0.8895891100269876,0.8895891100275803
PROXY,4,0,2015_2016,CORE_VOL,0.9522018842035322,3.0905278336490483e-12,0.9521994813935059,0.9521994813904153
PROXY,4,0,2018Q4,CORE_VOL,0.8099792918728781,6.880607195114408e-12,0.8079633140139736,0.807963314007093
PROXY,4,0,COVID,CORE_VOL,0.741574583145848,6.401545959988653e-12,0.7411985026935466,0.7411985026999481
PROXY,4,0,2022,CORE_VOL,0.7776052329936647,2.3200330545591896e-12,0.7769812386779342,0.7769812386802543
PROXY,4,0,2023_PLUS,CORE_VOL,0.9118505760488915,3.12017078840654e-12,0.9119541361581863,0.9119541361550662
PROXY,4,0,2024_PLUS,CORE_VOL,0.9086622311806423,4.583666779467421e-12,0.9087650876027287,0.9087650876073123
PROXY,4,0,EX_MAJOR_SHOCKS,CORE_VOL,0.93829813478078,4.721778523730791e-13,0.9383693271683702,0.938369327167898
PROXY,4,1,ALL,VOL,0.8287756044665002,3.5039748880194566e-12,0.8288591851057474,0.8288591851022434
PROXY,4,1,GFC,VOL,0.7094025034093647,6.923905893074789e-12,0.7091769794449491,0.709176979451873
PROXY,4,1,2011,VOL,0.7792692537841504,1.9989565558375944e-12,0.7791492259224789,0.77914922592048
PROXY,4,1,2015_2016,VOL,0.9044050970478565,4.433675648840563e-12,0.9044015258407851,0.9044015258452188
PROXY,4,1,2018Q4,VOL,0.6199614572615246,4.46931380793103e-12,0.6169035737158846,0.6169035737114152
PROXY,4,1,COVID,VOL,0.4831162959962967,3.4077740629356867e-12,0.4827115500632613,0.48271155006666905
PROXY,4,1,2022,VOL,0.5549555137185962,1.4536150061417175e-12,0.5540971662867087,0.5540971662852551
PROXY,4,1,2023_PLUS,VOL,0.8236038066752371,6.927125539846202e-12,0.8237946779503842,0.8237946779434571
PROXY,4,1,2024_PLUS,VOL,0.8171918012449169,3.1648017539964712e-12,0.8173813971741822,0.8173813971710174
PROXY,4,1,EX_MAJOR_SHOCKS,VOL,0.8765728662037873,3.795186387378635e-12,0.8767075803063781,0.8767075803025829
PROXY,4,1,ALL,CORE_VOL,0.9143575427806354,4.4506620611173275e-12,0.9144012766999807,0.9144012766955301
PROXY,4,1,GFC,CORE_VOL,0.8545069303872879,1.4018786131941852e-12,0.8543580891237733,0.8543580891251752
PROXY,4,1,2011,CORE_VOL,0.8896624808330671,5.927480728473711e-13,0.8895891100269876,0.8895891100275803
PROXY,4,1,2015_2016,CORE_VOL,0.9522018842035322,3.0905278336490483e-12,0.9521994813935059,0.9521994813904153
PROXY,4,1,2018Q4,CORE_VOL,0.8099792918728781,6.880607195114408e-12,0.8079633140139736,0.807963314007093
PROXY,4,1,COVID,CORE_VOL,0.741574583145848,6.401545959988653e-12,0.7411985026935466,0.7411985026999481
PROXY,4,1,2022,CORE_VOL,0.7776052329936647,2.319922032256727e-12,0.7769812386779343,0.7769812386802543
PROXY,4,1,2023_PLUS,CORE_VOL,0.9118505760488915,3.12017078840654e-12,0.9119541361581863,0.9119541361550662
PROXY,4,1,2024_PLUS,CORE_VOL,0.9086622311806423,4.583666779467421e-12,0.9087650876027287,0.9087650876073123
PROXY,4,1,EX_MAJOR_SHOCKS,CORE_VOL,0.93829813478078,4.721778523730791e-13,0.9383693271683702,0.938369327167898
PROXY,4,3,ALL,VOL,0.8287756044665002,3.5039748880194566e-12,0.8288591851057474,0.8288591851022434
PROXY,4,3,GFC,VOL,0.7094025034093647,6.923905893074789e-12,0.7091769794449491,0.709176979451873
PROXY,4,3,2011,VOL,0.7792692537841504,1.9989565558375944e-12,0.7791492259224789,0.77914922592048
PROXY,4,3,2015_2016,VOL,0.9044050970478565,4.433897693445488e-12,0.9044015258407851,0.904401525845219
PROXY,4,3,2018Q4,VOL,0.6199614572615246,4.469424830233493e-12,0.6169035737158847,0.6169035737114152
PROXY,4,3,COVID,VOL,0.4831162959962967,3.4077740629356867e-12,0.4827115500632613,0.48271155006666905
PROXY,4,3,2022,VOL,0.5549555137185962,1.453503983839255e-12,0.5540971662867086,0.5540971662852551
PROXY,4,3,2023_PLUS,VOL,0.8236038066752371,6.927125539846202e-12,0.8237946779503841,0.823794677943457
PROXY,4,3,2024_PLUS,VOL,0.8171918012449169,3.1645797093915462e-12,0.8173813971741822,0.8173813971710177
PROXY,4,3,EX_MAJOR_SHOCKS,VOL,0.8765728662037873,3.795186387378635e-12,0.8767075803063781,0.8767075803025829
PROXY,4,3,ALL,CORE_VOL,0.9143575427806354,4.4506620611173275e-12,0.9144012766999807,0.9144012766955301
PROXY,4,3,GFC,CORE_VOL,0.8545069303872879,1.4018786131941852e-12,0.8543580891237733,0.8543580891251752
PROXY,4,3,2011,CORE_VOL,0.8896624808330671,5.926370505449086e-13,0.8895891100269877,0.8895891100275803
PROXY,4,3,2015_2016,CORE_VOL,0.9522018842035322,3.0905278336490483e-12,0.9521994813935059,0.9521994813904153
PROXY,4,3,2018Q4,CORE_VOL,0.8099792918728781,6.880607195114408e-12,0.8079633140139736,0.807963314007093
PROXY,4,3,COVID,CORE_VOL,0.741574583145848,6.401545959988653e-12,0.7411985026935466,0.7411985026999481
PROXY,4,3,2022,CORE_VOL,0.7776052329936647,2.320144076861652e-12,0.7769812386779342,0.7769812386802544
PROXY,4,3,2023_PLUS,CORE_VOL,0.9118505760488915,3.12017078840654e-12,0.9119541361581863,0.9119541361550662
PROXY,4,3,2024_PLUS,CORE_VOL,0.9086622311806423,4.583444734862496e-12,0.9087650876027289,0.9087650876073123
PROXY,4,3,EX_MAJOR_SHOCKS,CORE_VOL,0.93829813478078,4.720668300706166e-13,0.9383693271683702,0.9383693271678981
ZERO,0,0,ALL,VOL,0.8316869005720946,6.697753462958644e-12,0.8318356592677818,0.8318356592744796
ZERO,0,0,GFC,VOL,0.7071720398016623,2.088218487017457e-12,0.7069224333871207,0.7069224333892089
ZERO,0,0,2011,VOL,0.7888926748055383,5.349387599551392e-12,0.7886107524727816,0.7886107524674322
ZERO,0,0,2015_2016,VOL,0.9088553022811539,4.494071781380171e-12,0.9089903951465468,0.9089903951510409
ZERO,0,0,2018Q4,VOL,0.6203643594562891,5.21116483298556e-12,0.6200320001618538,0.620032000167065
ZERO,0,0,COVID,VOL,0.49608253264887026,1.7334467194984882e-12,0.49756116386803056,0.497561163869764
ZERO,0,0,2022,VOL,0.567589040605526,4.469535852535955e-12,0.5663339787838866,0.566333978779417
ZERO,0,0,2023_PLUS,VOL,0.8332835641267593,4.973466083413314e-12,0.8337080559468134,0.8337080559418399
ZERO,0,0,2024_PLUS,VOL,0.8299146186109283,4.703126776917088e-12,0.8302381371606635,0.8302381371559604
ZERO,0,0,EX_MAJOR_SHOCKS,VOL,0.8796416445038631,7.1662675793504604e-12,0.8798314232764826,0.8798314232693163
ZERO,0,0,ALL,CORE_VOL,0.9158371305748005,6.795897178335508e-12,0.9159169088329586,0.9159169088261627
ZERO,0,0,GFC,CORE_VOL,0.8534636409385712,1.3105072582675348e-12,0.8533028641444199,0.8533028641457304
ZERO,0,0,2011,CORE_VOL,0.894410973887716,5.961342530724778e-12,0.8942465201203654,0.8942465201263268
ZERO,0,0,2015_2016,CORE_VOL,0.9544401058010408,4.213518423057394e-12,0.9545105841873198,0.9545105841915333
ZERO,0,0,2018Q4,CORE_VOL,0.8103093646277557,4.637401573859279e-13,0.8100761996843413,0.8100761996838776
ZERO,0,0,COVID,CORE_VOL,0.7483540364555665,4.571898415406395e-13,0.7494111723544425,0.7494111723539854
ZERO,0,0,2022,CORE_VOL,0.7839301323037944,4.233724482105572e-12,0.7830353230872366,0.7830353230914703
ZERO,0,0,2023_PLUS,CORE_VOL,0.9166819596212008,8.010259122670504e-13,0.916913549946568,0.916913549945767
ZERO,0,0,2024_PLUS,CORE_VOL,0.9149991873637191,3.763322986571893e-12,0.9151754950130432,0.9151754950092799
ZERO,0,0,EX_MAJOR_SHOCKS,CORE_VOL,0.9398376342505799,3.577471652249642e-12,0.9399381771241386,0.9399381771205612
ZERO,0,1,ALL,VOL,0.8316869005720946,6.697753462958644e-12,0.8318356592677818,0.8318356592744796
ZERO,0,1,GFC,VOL,0.7071720398016623,2.088218487017457e-12,0.7069224333871207,0.7069224333892089
ZERO,0,1,2011,VOL,0.7888926748055383,5.349387599551392e-12,0.7886107524727816,0.7886107524674322
ZERO,0,1,2015_2016,VOL,0.9088553022811539,4.494071781380171e-12,0.9089903951465468,0.9089903951510409
ZERO,0,1,2018Q4,VOL,0.6203643594562891,5.21116483298556e-12,0.6200320001618538,0.620032000167065
ZERO,0,1,COVID,VOL,0.49608253264887026,1.733391208347257e-12,0.49756116386803056,0.49756116386976396
ZERO,0,1,2022,VOL,0.567589040605526,4.469535852535955e-12,0.5663339787838866,0.566333978779417
ZERO,0,1,2023_PLUS,VOL,0.8332835641267593,4.973577105715776e-12,0.8337080559468134,0.8337080559418398
ZERO,0,1,2024_PLUS,VOL,0.8299146186109283,4.703237799219551e-12,0.8302381371606635,0.8302381371559603
ZERO,0,1,EX_MAJOR_SHOCKS,VOL,0.8796416445038631,7.166378601652923e-12,0.8798314232764826,0.8798314232693162
ZERO,0,1,ALL,CORE_VOL,0.9158371305748005,6.795897178335508e-12,0.9159169088329586,0.9159169088261627
ZERO,0,1,GFC,CORE_VOL,0.8534636409385712,1.3105072582675348e-12,0.8533028641444199,0.8533028641457304
ZERO,0,1,2011,CORE_VOL,0.894410973887716,5.961342530724778e-12,0.8942465201203653,0.8942465201263267
ZERO,0,1,2015_2016,CORE_VOL,0.9544401058010408,4.213518423057394e-12,0.9545105841873198,0.9545105841915333
ZERO,0,1,2018Q4,CORE_VOL,0.8103093646277557,4.637401573859279e-13,0.8100761996843413,0.8100761996838776
ZERO,0,1,COVID,CORE_VOL,0.7483540364555665,4.57300863843102e-13,0.7494111723544428,0.7494111723539855
ZERO,0,1,2022,CORE_VOL,0.7839301323037944,4.233724482105572e-12,0.7830353230872366,0.7830353230914703
ZERO,0,1,2023_PLUS,CORE_VOL,0.9166819596212008,8.01136934569513e-13,0.9169135499465682,0.916913549945767
ZERO,0,1,2024_PLUS,CORE_VOL,0.9149991873637191,3.763322986571893e-12,0.9151754950130432,0.9151754950092799
ZERO,0,1,EX_MAJOR_SHOCKS,CORE_VOL,0.9398376342505799,3.577471652249642e-12,0.9399381771241386,0.9399381771205612
ZERO,0,3,ALL,VOL,0.8316869005720946,6.697753462958644e-12,0.8318356592677818,0.8318356592744796
ZERO,0,3,GFC,VOL,0.7071720398016623,2.088218487017457e-12,0.7069224333871207,0.7069224333892089
ZERO,0,3,2011,VOL,0.7888926748055383,5.349387599551392e-12,0.7886107524727816,0.7886107524674322
ZERO,0,3,2015_2016,VOL,0.9088553022811539,4.494071781380171e-12,0.9089903951465468,0.9089903951510409
ZERO,0,3,2018Q4,VOL,0.6203643594562891,5.211053810683097e-12,0.6200320001618539,0.620032000167065
ZERO,0,3,COVID,VOL,0.49608253264887026,1.7333356971960256e-12,0.49756116386803073,0.49756116386976407
ZERO,0,3,2022,VOL,0.567589040605526,4.469646874838418e-12,0.5663339787838867,0.566333978779417
ZERO,0,3,2023_PLUS,VOL,0.8332835641267593,4.973577105715776e-12,0.8337080559468134,0.8337080559418398
ZERO,0,3,2024_PLUS,VOL,0.8299146186109283,4.703237799219551e-12,0.8302381371606635,0.8302381371559603
ZERO,0,3,EX_MAJOR_SHOCKS,VOL,0.8796416445038631,7.166378601652923e-12,0.8798314232764826,0.8798314232693162
ZERO,0,3,ALL,CORE_VOL,0.9158371305748005,6.795897178335508e-12,0.9159169088329586,0.9159169088261627
ZERO,0,3,GFC,CORE_VOL,0.8534636409385712,1.3105072582675348e-12,0.8533028641444199,0.8533028641457304
ZERO,0,3,2011,CORE_VOL,0.894410973887716,5.961342530724778e-12,0.8942465201203654,0.8942465201263268
ZERO,0,3,2015_2016,CORE_VOL,0.9544401058010408,4.213518423057394e-12,0.9545105841873198,0.9545105841915333
ZERO,0,3,2018Q4,CORE_VOL,0.8103093646277557,4.637401573859279e-13,0.8100761996843413,0.8100761996838776
ZERO,0,3,COVID,CORE_VOL,0.7483540364555665,4.570788192381769e-13,0.7494111723544425,0.7494111723539855
ZERO,0,3,2022,CORE_VOL,0.7839301323037944,4.2338355044080345e-12,0.7830353230872366,0.7830353230914704
ZERO,0,3,2023_PLUS,CORE_VOL,0.9166819596212008,8.01136934569513e-13,0.9169135499465682,0.916913549945767
ZERO,0,3,2024_PLUS,CORE_VOL,0.9149991873637191,3.763545031176818e-12,0.9151754950130434,0.9151754950092799
ZERO,0,3,EX_MAJOR_SHOCKS,CORE_VOL,0.9398376342505799,3.577471652249642e-12,0.9399381771241386,0.9399381771205612
ZERO,1,0,ALL,VOL,0.8322724276149529,4.7170045647249026e-12,0.8324188083622144,0.8324188083669314
ZERO,1,0,GFC,VOL,0.709716745543119,3.1558089474970075e-12,0.7098717643815364,0.7098717643846922
ZERO,1,0,2011,VOL,0.7932641618899652,4.845346346371571e-12,0.7929919124031604,0.7929919124080057
ZERO,1,0,2015_2016,VOL,0.9010299423898687,5.6206150844673175e-12,0.9010227515931841,0.9010227515875635
ZERO,1,0,2018Q4,VOL,0.6314322506732424,4.7656323332034844e-12,0.6294912965728322,0.6294912965680666
ZERO,1,0,COVID,VOL,0.5042457168528927,6.33171293173973e-12,0.5043217577493748,0.5043217577557065
ZERO,1,0,2022,VOL,0.5661759754802915,3.664513137380254e-12,0.5653342249758357,0.5653342249795003
ZERO,1,0,2023_PLUS,VOL,0.8368163406048552,1.71984648744683e-12,0.8371194658415514,0.8371194658432712
ZERO,1,0,2024_PLUS,VOL,0.831529751078051,4.158895450245836e-12,0.8317093958395323,0.8317093958436912
ZERO,1,0,EX_MAJOR_SHOCKS,VOL,0.8797848213944235,2.7959856652159942e-12,0.8799352047953365,0.8799352047981325
ZERO,1,0,ALL,CORE_VOL,0.9161618215948693,1.3237189122605741e-12,0.9162400946077657,0.916240094606442
ZERO,1,0,GFC,CORE_VOL,0.854859126273368,1.690980688806576e-12,0.8549428873150787,0.8549428873167697
ZERO,1,0,2011,CORE_VOL,0.8966798029359779,3.924749414352391e-12,0.8965220422573793,0.8965220422534546
ZERO,1,0,2015_2016,CORE_VOL,0.9505357521484257,3.0822011609643596e-12,0.9505314076458884,0.9505314076489706
ZERO,1,0,2018Q4,CORE_VOL,0.8158130157607957,3.5745850723856165e-12,0.8145370479431149,0.8145370479466895
ZERO,1,0,COVID,CORE_VOL,0.7523189772255137,5.3086424145476485e-12,0.752308247693494,0.7523082476881854
ZERO,1,0,2022,CORE_VOL,0.7831809015115141,6.9046990347487736e-12,0.7825701012467571,0.7825701012398524
ZERO,1,0,2023_PLUS,CORE_VOL,0.9185028898864402,3.277378368693462e-12,0.9186669695220017,0.9186669695187243
ZERO,1,0,2024_PLUS,CORE_VOL,0.9158768953711842,4.406142117829859e-12,0.9159733286584028,0.9159733286539966
ZERO,1,0,EX_MAJOR_SHOCKS,CORE_VOL,0.9399287459309562,1.2023715356690445e-12,0.9400081290081077,0.9400081290069053
ZERO,1,1,ALL,VOL,0.8322724276149529,4.7170045647249026e-12,0.8324188083622144,0.8324188083669314
ZERO,1,1,GFC,VOL,0.709716745543119,3.155697925194545e-12,0.7098717643815364,0.7098717643846921
ZERO,1,1,2011,VOL,0.7932641618899652,4.845346346371571e-12,0.7929919124031604,0.7929919124080057
ZERO,1,1,2015_2016,VOL,0.9010299423898687,5.62072610676978e-12,0.9010227515931841,0.9010227515875634
ZERO,1,1,2018Q4,VOL,0.6314322506732424,4.7656323332034844e-12,0.6294912965728322,0.6294912965680666
ZERO,1,1,COVID,VOL,0.5042457168528927,6.33171293173973e-12,0.5043217577493748,0.5043217577557065
ZERO,1,1,2022,VOL,0.5661759754802915,3.664513137380254e-12,0.5653342249758357,0.5653342249795003
ZERO,1,1,2023_PLUS,VOL,0.8368163406048552,1.7197354651443675e-12,0.8371194658415514,0.8371194658432711
ZERO,1,1,2024_PLUS,VOL,0.831529751078051,4.158895450245836e-12,0.8317093958395323,0.8317093958436912
ZERO,1,1,EX_MAJOR_SHOCKS,VOL,0.8797848213944235,2.7959856652159942e-12,0.8799352047953365,0.8799352047981325
ZERO,1,1,ALL,CORE_VOL,0.9161618215948693,1.3237189122605741e-12,0.9162400946077657,0.916240094606442
ZERO,1,1,GFC,CORE_VOL,0.854859126273368,1.690980688806576e-12,0.8549428873150787,0.8549428873167697
ZERO,1,1,2011,CORE_VOL,0.8966798029359779,3.924527369747466e-12,0.8965220422573792,0.8965220422534547
ZERO,1,1,2015_2016,CORE_VOL,0.9505357521484257,3.082534227871747e-12,0.9505314076458883,0.9505314076489708
ZERO,1,1,2018Q4,CORE_VOL,0.8158130157607957,3.5745850723856165e-12,0.8145370479431149,0.8145370479466895
ZERO,1,1,COVID,CORE_VOL,0.7523189772255137,5.308753436850111e-12,0.7523082476934941,0.7523082476881854
ZERO,1,1,2022,CORE_VOL,0.7831809015115141,6.904810057051236e-12,0.7825701012467571,0.7825701012398523
ZERO,1,1,2023_PLUS,CORE_VOL,0.9185028898864402,3.2772673463909996e-12,0.9186669695220016,0.9186669695187243
ZERO,1,1,2024_PLUS,CORE_VOL,0.9158768953711842,4.406142117829859e-12,0.9159733286584028,0.9159733286539966
ZERO,1,1,EX_MAJOR_SHOCKS,CORE_VOL,0.9399287459309562,1.2023715356690445e-12,0.9400081290081077,0.9400081290069053
ZERO,1,3,ALL,VOL,0.8322724276149529,4.7167825201199776e-12,0.8324188083622146,0.8324188083669314
ZERO,1,3,GFC,VOL,0.709716745543119,3.1558089474970075e-12,0.7098717643815364,0.7098717643846922
ZERO,1,3,2011,VOL,0.7932641618899652,4.845457368674033e-12,0.7929919124031602,0.7929919124080057
ZERO,1,3,2015_2016,VOL,0.9010299423898687,5.6206150844673175e-12,0.9010227515931841,0.9010227515875635
ZERO,1,3,2018Q4,VOL,0.6314322506732424,4.7656323332034844e-12,0.6294912965728321,0.6294912965680665
ZERO,1,3,COVID,VOL,0.5042457168528927,6.33171293173973e-12,0.5043217577493748,0.5043217577557065
ZERO,1,3,2022,VOL,0.5661759754802915,3.664513137380254e-12,0.5653342249758357,0.5653342249795003
ZERO,1,3,2023_PLUS,VOL,0.8368163406048552,1.7197354651443675e-12,0.8371194658415514,0.8371194658432711
ZERO,1,3,2024_PLUS,VOL,0.831529751078051,4.158895450245836e-12,0.8317093958395323,0.8317093958436912
ZERO,1,3,EX_MAJOR_SHOCKS,VOL,0.8797848213944235,2.7959856652159942e-12,0.8799352047953365,0.8799352047981325
ZERO,1,3,ALL,CORE_VOL,0.9161618215948693,1.3239409568654992e-12,0.9162400946077657,0.9162400946064417
ZERO,1,3,GFC,CORE_VOL,0.854859126273368,1.690980688806576e-12,0.8549428873150787,0.8549428873167697
ZERO,1,3,2011,CORE_VOL,0.8966798029359779,3.924749414352391e-12,0.8965220422573793,0.8965220422534546
ZERO,1,3,2015_2016,CORE_VOL,0.9505357521484257,3.082534227871747e-12,0.9505314076458883,0.9505314076489708
ZERO,1,3,2018Q4,CORE_VOL,0.8158130157607957,3.5745850723856165e-12,0.8145370479431149,0.8145370479466895
ZERO,1,3,COVID,CORE_VOL,0.7523189772255137,5.308531392245186e-12,0.7523082476934941,0.7523082476881856
ZERO,1,3,2022,CORE_VOL,0.7831809015115141,6.904810057051236e-12,0.7825701012467571,0.7825701012398523
ZERO,1,3,2023_PLUS,CORE_VOL,0.9185028898864402,3.277378368693462e-12,0.9186669695220017,0.9186669695187243
ZERO,1,3,2024_PLUS,CORE_VOL,0.9158768953711842,4.406142117829859e-12,0.9159733286584028,0.9159733286539966
ZERO,1,3,EX_MAJOR_SHOCKS,CORE_VOL,0.9399287459309562,1.2023715356690445e-12,0.9400081290081077,0.9400081290069053
ZERO,2,0,ALL,VOL,0.8303899837410427,4.2276182554701336e-12,0.830593054967753,0.8305930549635254
ZERO,2,0,GFC,VOL,0.7084736371834879,1.6108225864286396e-12,0.708815791963413,0.7088157919650239
ZERO,2,0,2011,VOL,0.7945568097711657,6.120437490153563e-12,0.7950397194222554,0.7950397194161349
ZERO,2,0,2015_2016,VOL,0.8994966782120173,4.127365116346482e-12,0.8996367800289055,0.8996367800330328
ZERO,2,0,2018Q4,VOL,0.6005370708080591,3.5005331966431186e-12,0.5977337307016262,0.5977337306981256
ZERO,2,0,COVID,VOL,0.502658688747033,5.168199201932566e-12,0.5038953346265119,0.5038953346213437
ZERO,2,0,2022,VOL,0.558933934509696,3.444466933899548e-12,0.5583736872889764,0.5583736872855319
ZERO,2,0,2023_PLUS,VOL,0.8324694052498671,5.388689494623122e-12,0.8326833074000093,0.832683307405398
ZERO,2,0,2024_PLUS,VOL,0.8274005294442759,6.738387625659925e-12,0.8275427358150561,0.8275427358217945
ZERO,2,0,EX_MAJOR_SHOCKS,VOL,0.8781282103809644,6.6768812700956914e-12,0.8782976270528341,0.8782976270461572
ZERO,2,0,ALL,CORE_VOL,0.9152387049762183,5.767830657532613e-12,0.915348185150798,0.9153481851450301
ZERO,2,0,GFC,CORE_VOL,0.8542522023126367,5.395239810468411e-12,0.8544472662424512,0.8544472662370559
ZERO,2,0,2011,CORE_VOL,0.897403492454032,5.553335569175033e-12,0.8976720591571492,0.8976720591515959
ZERO,2,0,2015_2016,CORE_VOL,0.9498078228280065,2.2469803795388543e-12,0.9498810428667134,0.9498810428689604
ZERO,2,0,2018Q4,CORE_VOL,0.8003325495446916,3.435585149702547e-12,0.798435488987622,0.7984354889841864
ZERO,2,0,COVID,CORE_VOL,0.7520915999994031,1.1836087665528794e-12,0.7529731399525292,0.7529731399513456
ZERO,2,0,2022,CORE_VOL,0.7795740784567897,4.965139410728625e-12,0.7791506544803388,0.7791506544753737
ZERO,2,0,2023_PLUS,CORE_VOL,0.9162567915846012,3.3825164891254644e-12,0.9163724667336002,0.9163724667369827
ZERO,2,0,2024_PLUS,CORE_VOL,0.9137122936444939,2.731148640577885e-12,0.9137885854574518,0.9137885854547206
ZERO,2,0,EX_MAJOR_SHOCKS,CORE_VOL,0.9390963703990565,5.966227512033129e-12,0.9391859755159966,0.9391859755100304
ZERO,2,1,ALL,VOL,0.8303899837410427,4.2276182554701336e-12,0.830593054967753,0.8305930549635254
ZERO,2,1,GFC,VOL,0.7084736371834879,1.6110446310335647e-12,0.7088157919634128,0.7088157919650239
ZERO,2,1,2011,VOL,0.7945568097711657,6.120437490153563e-12,0.7950397194222554,0.7950397194161349
ZERO,2,1,2015_2016,VOL,0.8994966782120173,4.1272540940440194e-12,0.8996367800289055,0.8996367800330327
ZERO,2,1,2018Q4,VOL,0.6005370708080591,3.5005331966431186e-12,0.5977337307016262,0.5977337306981256
ZERO,2,1,COVID,VOL,0.502658688747033,5.168199201932566e-12,0.5038953346265119,0.5038953346213437
ZERO,2,1,2022,VOL,0.558933934509696,3.4443559115970857e-12,0.5583736872889764,0.558373687285532
ZERO,2,1,2023_PLUS,VOL,0.8324694052498671,5.388689494623122e-12,0.8326833074000093,0.832683307405398
ZERO,2,1,2024_PLUS,VOL,0.8274005294442759,6.738387625659925e-12,0.8275427358150561,0.8275427358217945
ZERO,2,1,EX_MAJOR_SHOCKS,VOL,0.8781282103809644,6.6768812700956914e-12,0.8782976270528341,0.8782976270461572
ZERO,2,1,ALL,CORE_VOL,0.9152387049762183,5.767830657532613e-12,0.915348185150798,0.9153481851450301
ZERO,2,1,GFC,CORE_VOL,0.8542522023126367,5.395239810468411e-12,0.8544472662424512,0.8544472662370559
ZERO,2,1,2011,CORE_VOL,0.897403492454032,5.5534465914774955e-12,0.8976720591571492,0.8976720591515958
ZERO,2,1,2015_2016,CORE_VOL,0.9498078228280065,2.2469803795388543e-12,0.9498810428667134,0.9498810428689604
ZERO,2,1,2018Q4,CORE_VOL,0.8003325495446916,3.4356961720050094e-12,0.798435488987622,0.7984354889841863
ZERO,2,1,COVID,CORE_VOL,0.7520915999994031,1.1836087665528794e-12,0.7529731399525292,0.7529731399513456
ZERO,2,1,2022,CORE_VOL,0.7795740784567897,4.9649173661237e-12,0.7791506544803387,0.7791506544753738
ZERO,2,1,2023_PLUS,CORE_VOL,0.9162567915846012,3.3825164891254644e-12,0.9163724667336002,0.9163724667369827
ZERO,2,1,2024_PLUS,CORE_VOL,0.9137122936444939,2.73092659597296e-12,0.9137885854574516,0.9137885854547206
ZERO,2,1,EX_MAJOR_SHOCKS,CORE_VOL,0.9390963703990565,5.966227512033129e-12,0.9391859755159966,0.9391859755100304
ZERO,2,3,ALL,VOL,0.8303899837410427,4.2276182554701336e-12,0.830593054967753,0.8305930549635254
ZERO,2,3,GFC,VOL,0.7084736371834879,1.6110446310335647e-12,0.7088157919634128,0.7088157919650239
ZERO,2,3,2011,VOL,0.7945568097711657,6.120437490153563e-12,0.7950397194222554,0.7950397194161349
ZERO,2,3,2015_2016,VOL,0.8994966782120173,4.127365116346482e-12,0.8996367800289055,0.8996367800330328
ZERO,2,3,2018Q4,VOL,0.6005370708080591,3.5005331966431186e-12,0.5977337307016262,0.5977337306981256
ZERO,2,3,COVID,VOL,0.502658688747033,5.168199201932566e-12,0.5038953346265119,0.5038953346213437
ZERO,2,3,2022,VOL,0.558933934509696,3.444466933899548e-12,0.5583736872889764,0.5583736872855319
ZERO,2,3,2023_PLUS,VOL,0.8324694052498671,5.38857847232066e-12,0.8326833074000094,0.832683307405398
ZERO,2,3,2024_PLUS,VOL,0.8274005294442759,6.738387625659925e-12,0.8275427358150561,0.8275427358217945
ZERO,2,3,EX_MAJOR_SHOCKS,VOL,0.8781282103809644,6.6768812700956914e-12,0.878297627052834,0.8782976270461571
ZERO,2,3,ALL,CORE_VOL,0.9152387049762183,5.767830657532613e-12,0.915348185150798,0.9153481851450301
ZERO,2,3,GFC,CORE_VOL,0.8542522023126367,5.395239810468411e-12,0.8544472662424512,0.8544472662370559
ZERO,2,3,2011,CORE_VOL,0.897403492454032,5.5532245468725705e-12,0.8976720591571492,0.897672059151596
ZERO,2,3,2015_2016,CORE_VOL,0.9498078228280065,2.2469803795388543e-12,0.9498810428667134,0.9498810428689604
ZERO,2,3,2018Q4,CORE_VOL,0.8003325495446916,3.4356961720050094e-12,0.798435488987622,0.7984354889841863
ZERO,2,3,COVID,CORE_VOL,0.7520915999994031,1.1836087665528794e-12,0.7529731399525292,0.7529731399513456
ZERO,2,3,2022,CORE_VOL,0.7795740784567897,4.9652504330310876e-12,0.7791506544803389,0.7791506544753737
ZERO,2,3,2023_PLUS,CORE_VOL,0.9162567915846012,3.382627511427927e-12,0.9163724667336002,0.9163724667369828
ZERO,2,3,2024_PLUS,CORE_VOL,0.9137122936444939,2.73092659597296e-12,0.9137885854574516,0.9137885854547206
ZERO,2,3,EX_MAJOR_SHOCKS,CORE_VOL,0.9390963703990565,5.966227512033129e-12,0.9391859755159966,0.9391859755100304
ZERO,3,0,ALL,VOL,0.8311265392912901,2.609912286288818e-12,0.8312863192036946,0.8312863192010846
ZERO,3,0,GFC,VOL,0.7092795620628749,5.6272764226150684e-12,0.7093024343979022,0.7093024343922749
ZERO,3,0,2011,VOL,0.7884517956917989,1.2486678357959136e-12,0.7887334034014082,0.7887334034026569
ZERO,3,0,2015_2016,VOL,0.9025910005657352,1.968092355753015e-12,0.9025577632613803,0.9025577632594122
ZERO,3,0,2018Q4,VOL,0.6205703919185908,3.326228181776969e-12,0.6207877524016843,0.620787752398358
ZERO,3,0,COVID,VOL,0.4880209581242525,6.423528375876231e-12,0.48685022370568987,0.48685022369926634
ZERO,3,0,2022,VOL,0.5567797442854499,6.8618444259982425e-12,0.5561539498516692,0.5561539498448074
ZERO,3,0,2023_PLUS,VOL,0.8337579800499952,3.552491634195576e-12,0.8340449253565542,0.8340449253601067
ZERO,3,0,2024_PLUS,VOL,0.8268898025198723,2.5656143876062742e-12,0.8271350163725313,0.8271350163699657
ZERO,3,0,EX_MAJOR_SHOCKS,VOL,0.8793883620019187,2.5807134207411764e-12,0.8795720001913879,0.8795720001888072
ZERO,3,0,ALL,CORE_VOL,0.915554069688369,1.226352353000948e-12,0.9156398346273571,0.9156398346285834
ZERO,3,0,GFC,CORE_VOL,0.854562617787451,2.4812374377347624e-12,0.8545650370966243,0.8545650370991056
ZERO,3,0,2011,CORE_VOL,0.894291861950478,3.566258399700928e-12,0.8944475012540805,0.8944475012505142
ZERO,3,0,2015_2016,CORE_VOL,0.9513039767552982,3.1074032236233506e-12,0.9512858130340581,0.9512858130309507
ZERO,3,0,2018Q4,CORE_VOL,0.8104643416663748,6.908917882242349e-12,0.8105879512505823,0.8105879512574912
ZERO,3,0,COVID,CORE_VOL,0.7437330988250324,8.364420267525929e-13,0.7427815383471167,0.7427815383479531
ZERO,3,0,2022,CORE_VOL,0.7784230443139677,2.1574964037540667e-12,0.7779550261574459,0.7779550261596034
ZERO,3,0,2023_PLUS,CORE_VOL,0.916912488763046,6.717071343587122e-12,0.9170685119737131,0.917068511966996
ZERO,3,0,2024_PLUS,CORE_VOL,0.9134837186647928,1.1840528557627295e-12,0.9136172433684431,0.913617243367259
ZERO,3,0,EX_MAJOR_SHOCKS,CORE_VOL,0.9397234610296437,7.239320254370796e-12,0.9398207080799921,0.9398207080872314
ZERO,3,1,ALL,VOL,0.8311265392912901,2.6100233085912805e-12,0.8312863192036947,0.8312863192010846
ZERO,3,1,GFC,VOL,0.7092795620628749,5.627165400312606e-12,0.7093024343979022,0.709302434392275
ZERO,3,1,2011,VOL,0.7884517956917989,1.2484457911909885e-12,0.7887334034014083,0.7887334034026567
ZERO,3,1,2015_2016,VOL,0.9025910005657352,1.9682033780554775e-12,0.9025577632613804,0.9025577632594122
ZERO,3,1,2018Q4,VOL,0.6205703919185908,3.326228181776969e-12,0.6207877524016843,0.620787752398358
ZERO,3,1,COVID,VOL,0.4880209581242525,6.423528375876231e-12,0.48685022370568987,0.48685022369926634
ZERO,3,1,2022,VOL,0.5567797442854499,6.8618444259982425e-12,0.5561539498516692,0.5561539498448074
ZERO,3,1,2023_PLUS,VOL,0.8337579800499952,3.5523806118931134e-12,0.8340449253565543,0.8340449253601067
ZERO,3,1,2024_PLUS,VOL,0.8268898025198723,2.5657254099087368e-12,0.8271350163725314,0.8271350163699657
ZERO,3,1,EX_MAJOR_SHOCKS,VOL,0.8793883620019187,2.580602398438714e-12,0.8795720001913878,0.8795720001888072
ZERO,3,1,ALL,CORE_VOL,0.915554069688369,1.2261303083960229e-12,0.9156398346273571,0.9156398346285832
ZERO,3,1,GFC,CORE_VOL,0.854562617787451,2.481348460037225e-12,0.8545650370966243,0.8545650370991057
ZERO,3,1,2011,CORE_VOL,0.894291861950478,3.566258399700928e-12,0.8944475012540805,0.8944475012505142
ZERO,3,1,2015_2016,CORE_VOL,0.9513039767552982,3.1074032236233506e-12,0.9512858130340581,0.9512858130309507
ZERO,3,1,2018Q4,CORE_VOL,0.8104643416663748,6.908806859939887e-12,0.8105879512505824,0.8105879512574912
ZERO,3,1,COVID,CORE_VOL,0.7437330988250324,8.364420267525929e-13,0.7427815383471167,0.7427815383479531
ZERO,3,1,2022,CORE_VOL,0.7784230443139677,2.1574964037540667e-12,0.7779550261574459,0.7779550261596034
ZERO,3,1,2023_PLUS,CORE_VOL,0.916912488763046,6.717071343587122e-12,0.9170685119737131,0.917068511966996
ZERO,3,1,2024_PLUS,CORE_VOL,0.9134837186647928,1.1838308111578044e-12,0.9136172433684431,0.9136172433672592
ZERO,3,1,EX_MAJOR_SHOCKS,CORE_VOL,0.9397234610296437,7.239542298975721e-12,0.9398207080799921,0.9398207080872316
ZERO,3,3,ALL,VOL,0.8311265392912901,2.6100233085912805e-12,0.8312863192036947,0.8312863192010846
ZERO,3,3,GFC,VOL,0.7092795620628749,5.627165400312606e-12,0.7093024343979022,0.709302434392275
ZERO,3,3,2011,VOL,0.7884517956917989,1.2484457911909885e-12,0.7887334034014083,0.7887334034026567
ZERO,3,3,2015_2016,VOL,0.9025910005657352,1.9682033780554775e-12,0.9025577632613804,0.9025577632594122
ZERO,3,3,2018Q4,VOL,0.6205703919185908,3.326228181776969e-12,0.6207877524016843,0.620787752398358
ZERO,3,3,COVID,VOL,0.4880209581242525,6.423528375876231e-12,0.48685022370568987,0.48685022369926634
ZERO,3,3,2022,VOL,0.5567797442854499,6.8618444259982425e-12,0.5561539498516692,0.5561539498448074
ZERO,3,3,2023_PLUS,VOL,0.8337579800499952,3.552491634195576e-12,0.8340449253565542,0.8340449253601067
ZERO,3,3,2024_PLUS,VOL,0.8268898025198723,2.5656143876062742e-12,0.8271350163725313,0.8271350163699657
ZERO,3,3,EX_MAJOR_SHOCKS,VOL,0.8793883620019187,2.5807134207411764e-12,0.8795720001913879,0.8795720001888072
ZERO,3,3,ALL,CORE_VOL,0.915554069688369,1.226352353000948e-12,0.9156398346273571,0.9156398346285834
ZERO,3,3,GFC,CORE_VOL,0.854562617787451,2.4812374377347624e-12,0.8545650370966243,0.8545650370991056
ZERO,3,3,2011,CORE_VOL,0.894291861950478,3.5661473773984653e-12,0.8944475012540805,0.8944475012505143
ZERO,3,3,2015_2016,CORE_VOL,0.9513039767552982,3.107292201320888e-12,0.9512858130340581,0.9512858130309508
ZERO,3,3,2018Q4,CORE_VOL,0.8104643416663748,6.908806859939887e-12,0.8105879512505824,0.8105879512574912
ZERO,3,3,COVID,CORE_VOL,0.7437330988250324,8.36664071357518e-13,0.7427815383471167,0.7427815383479534
ZERO,3,3,2022,CORE_VOL,0.7784230443139677,2.1574964037540667e-12,0.7779550261574459,0.7779550261596034
ZERO,3,3,2023_PLUS,CORE_VOL,0.916912488763046,6.7169603212846596e-12,0.9170685119737131,0.9170685119669961
ZERO,3,3,2024_PLUS,CORE_VOL,0.9134837186647928,1.1842749003676545e-12,0.9136172433684433,0.913617243367259
ZERO,3,3,EX_MAJOR_SHOCKS,CORE_VOL,0.9397234610296437,7.239542298975721e-12,0.9398207080799921,0.9398207080872316
ZERO,4,0,ALL,VOL,0.8287710943477578,2.503774965134653e-12,0.8288741251067495,0.8288741251092533
ZERO,4,0,GFC,VOL,0.7093852514590253,3.1051827775741003e-12,0.7091935902846807,0.7091935902877858
ZERO,4,0,2011,VOL,0.7792687942783232,2.5744961718032755e-12,0.7791495338392218,0.7791495338366473
ZERO,4,0,2015_2016,VOL,0.9044046414273907,1.6131540547803525e-12,0.9044023338089144,0.9044023338105276
ZERO,4,0,2018Q4,VOL,0.619955372538243,1.553424056055519e-12,0.6169468967254053,0.6169468967238518
ZERO,4,0,COVID,VOL,0.48311406897119014,2.2017943024366105e-12,0.48271687796962665,0.48271687797182844
ZERO,4,0,2022,VOL,0.5549540184365469,1.1725065363066278e-12,0.5541371467306571,0.5541371467318296
ZERO,4,0,2023_PLUS,VOL,0.8235925769768073,6.66577903984944e-13,0.8238392154983885,0.8238392154977219
ZERO,4,0,2024_PLUS,VOL,0.8171794345762464,1.9794166306041916e-12,0.817423521489577,0.8174235214875976
ZERO,4,0,EX_MAJOR_SHOCKS,VOL,0.876571812426846,3.0391245076089035e-12,0.8767208519249101,0.8767208519279492
ZERO,4,0,ALL,CORE_VOL,0.9143563631441793,3.416045224469144e-12,0.9144108290019238,0.9144108289985078
ZERO,4,0,GFC,CORE_VOL,0.8544971989686019,4.783617946202412e-12,0.8543687847477685,0.8543687847525521
ZERO,4,0,2011,CORE_VOL,0.8896622375395964,4.098388295403765e-12,0.8895893048997509,0.8895893049038492
ZERO,4,0,2015_2016,CORE_VOL,0.9522017655035597,6.873612790059269e-12,0.9522000278383571,0.9522000278314835
ZERO,4,0,2018Q4,CORE_VOL,0.8099782318095095,2.0220491947497976e-12,0.8079947453137072,0.8079947453157292
ZERO,4,0,COVID,CORE_VOL,0.7415733247980825,4.943823128655822e-12,0.7412031359223749,0.741203135917431
ZERO,4,0,2022,CORE_VOL,0.7776051032633404,3.2807090377673376e-13,0.7770101797254324,0.7770101797257605
ZERO,4,0,2023_PLUS,CORE_VOL,0.9118472241461859,7.086331521577449e-12,0.9119816266039817,0.9119816265968954
ZERO,4,0,2024_PLUS,CORE_VOL,0.908658340900729,3.1280533718813786e-12,0.9087914608125354,0.9087914608156634
ZERO,4,0,EX_MAJOR_SHOCKS,CORE_VOL,0.9382987031203811,5.510925049634352e-12,0.9383775587575384,0.9383775587520274
ZERO,4,1,ALL,VOL,0.8287710943477578,2.503552920529728e-12,0.8288741251067495,0.8288741251092531
ZERO,4,1,GFC,VOL,0.7093852514590253,3.105293799876563e-12,0.7091935902846807,0.709193590287786
ZERO,4,1,2011,VOL,0.7792687942783232,2.5742741271983505e-12,0.7791495338392216,0.7791495338366473
ZERO,4,1,2015_2016,VOL,0.9044046414273907,1.613265077082815e-12,0.9044023338089144,0.9044023338105277
ZERO,4,1,2018Q4,VOL,0.619955372538243,1.553424056055519e-12,0.6169468967254053,0.6169468967238518
ZERO,4,1,COVID,VOL,0.48311406897119014,2.201683280134148e-12,0.48271687796962665,0.48271687797182833
ZERO,4,1,2022,VOL,0.5549540184365469,1.1726175586090903e-12,0.5541371467306571,0.5541371467318297
ZERO,4,1,2023_PLUS,VOL,0.8235925769768073,6.66577903984944e-13,0.8238392154983885,0.8238392154977219
ZERO,4,1,2024_PLUS,VOL,0.8171794345762464,1.9794166306041916e-12,0.817423521489577,0.8174235214875976
ZERO,4,1,EX_MAJOR_SHOCKS,VOL,0.876571812426846,3.039013485306441e-12,0.8767208519249102,0.8767208519279492
ZERO,4,1,ALL,CORE_VOL,0.9143563631441793,3.416045224469144e-12,0.9144108290019238,0.9144108289985078
ZERO,4,1,GFC,CORE_VOL,0.8544971989686019,4.7837289685048745e-12,0.8543687847477683,0.8543687847525521
ZERO,4,1,2011,CORE_VOL,0.8896622375395964,4.098388295403765e-12,0.8895893048997509,0.8895893049038492
ZERO,4,1,2015_2016,CORE_VOL,0.9522017655035597,6.873612790059269e-12,0.9522000278383571,0.9522000278314835
ZERO,4,1,2018Q4,CORE_VOL,0.8099782318095095,2.021938172447335e-12,0.8079947453137072,0.8079947453157291
ZERO,4,1,COVID,CORE_VOL,0.7415733247980825,4.943823128655822e-12,0.7412031359223749,0.741203135917431
ZERO,4,1,2022,CORE_VOL,0.7776051032633404,3.2795988147427124e-13,0.7770101797254324,0.7770101797257604
ZERO,4,1,2023_PLUS,CORE_VOL,0.9118472241461859,7.086331521577449e-12,0.9119816266039817,0.9119816265968954
ZERO,4,1,2024_PLUS,CORE_VOL,0.908658340900729,3.1280533718813786e-12,0.9087914608125354,0.9087914608156634
ZERO,4,1,EX_MAJOR_SHOCKS,CORE_VOL,0.9382987031203811,5.510925049634352e-12,0.9383775587575384,0.9383775587520274
ZERO,4,3,ALL,VOL,0.8287710943477578,2.503774965134653e-12,0.8288741251067495,0.8288741251092533
ZERO,4,3,GFC,VOL,0.7093852514590253,3.105293799876563e-12,0.7091935902846807,0.709193590287786
ZERO,4,3,2011,VOL,0.7792687942783232,2.5744961718032755e-12,0.7791495338392217,0.7791495338366472
ZERO,4,3,2015_2016,VOL,0.9044046414273907,1.613265077082815e-12,0.9044023338089144,0.9044023338105277
ZERO,4,3,2018Q4,VOL,0.619955372538243,1.553424056055519e-12,0.6169468967254053,0.6169468967238518
ZERO,4,3,COVID,VOL,0.48311406897119014,2.2017943024366105e-12,0.48271687796962665,0.48271687797182844
ZERO,4,3,2022,VOL,0.5549540184365469,1.1723955140041653e-12,0.5541371467306571,0.5541371467318295
ZERO,4,3,2023_PLUS,VOL,0.8235925769768073,6.66577903984944e-13,0.8238392154983885,0.8238392154977219
ZERO,4,3,2024_PLUS,VOL,0.8171794345762464,1.9794166306041916e-12,0.817423521489577,0.8174235214875976
ZERO,4,3,EX_MAJOR_SHOCKS,VOL,0.876571812426846,3.0389024630039785e-12,0.8767208519249102,0.8767208519279491
ZERO,4,3,ALL,CORE_VOL,0.9143563631441793,3.416045224469144e-12,0.9144108290019238,0.9144108289985078
ZERO,4,3,GFC,CORE_VOL,0.8544971989686019,4.7837289685048745e-12,0.8543687847477683,0.8543687847525521
ZERO,4,3,2011,CORE_VOL,0.8896622375395964,4.098388295403765e-12,0.8895893048997509,0.8895893049038492
ZERO,4,3,2015_2016,CORE_VOL,0.9522017655035597,6.873612790059269e-12,0.9522000278383571,0.9522000278314835
ZERO,4,3,2018Q4,CORE_VOL,0.8099782318095095,2.0220491947497976e-12,0.8079947453137072,0.8079947453157292
ZERO,4,3,COVID,CORE_VOL,0.7415733247980825,4.943823128655822e-12,0.7412031359223749,0.741203135917431
ZERO,4,3,2022,CORE_VOL,0.7776051032633404,3.2807090377673376e-13,0.7770101797254324,0.7770101797257605
ZERO,4,3,2023_PLUS,CORE_VOL,0.9118472241461859,7.086331521577449e-12,0.9119816266039817,0.9119816265968954
ZERO,4,3,2024_PLUS,CORE_VOL,0.908658340900729,3.1282754164863036e-12,0.9087914608125354,0.9087914608156636
ZERO,4,3,EX_MAJOR_SHOCKS,CORE_VOL,0.9382987031203811,5.510925049634352e-12,0.9383775587575384,0.9383775587520274
