period,model,bucket_type,bucket,n,var_hit,ES_moment,actual_p2,pred_p2,actual_p5,pred_p5,actual_D,pred_D,actual_probability,predicted_probability
ALL,HS,RISK,LOW,3189,0.012856694888679836,0.2873776586696397,0.07745374725619317,0.15773197759575866,0.004076513013483851,0.026364189942374824,0.010307227090369705,0.018291015002690116,,
ALL,HS,RISK,MID,2190,0.043835616438356165,0.09962655365114004,0.16757990867579908,0.15794799646301638,0.02054794520547945,0.0265490281235121,0.016935034898100228,0.018319463544822015,,
ALL,HS,RISK,HIGH,1237,0.12530315278900567,-0.9243983667430147,0.2433306386418755,0.1603918702831017,0.08245755860953921,0.026393523558202653,0.030787983463422892,0.018564982190474567,,
ALL,HS,p2,0_0.01,0,,,,,,,,,,
ALL,HS,p2,0.01_0.05,0,,,,,,,,,,
ALL,HS,p2,0.05_0.1,0,,,,,,,,,,
ALL,HS,p2,0.1_0.2,6616,,,,,,,,,0.13830108827085852,0.1583008059774905
ALL,HS,p2,0.2_1.000001,0,,,,,,,,,,
ALL,HS,p5,0_0.01,0,,,,,,,,,,
ALL,HS,p5,0.01_0.05,6616,,,,,,,,,0.02418379685610641,0.026430858820771085
ALL,HS,p5,0.05_0.1,0,,,,,,,,,,
ALL,HS,p5,0.1_0.2,0,,,,,,,,,,
ALL,HS,p5,0.2_1.000001,0,,,,,,,,,,
ALL,FHS,RISK,LOW,3189,0.05205393540294763,-0.0762431500592712,0.07745374725619317,0.076346629197182,0.004076513013483851,0.003755756359362082,0.010307227090369705,0.011206038825344504,,
ALL,FHS,RISK,MID,2190,0.047488584474885846,-0.007277283668852553,0.16757990867579908,0.16471880451263413,0.02054794520547945,0.0217867648659205,0.016935034898100228,0.01767696790832838,,
ALL,FHS,RISK,HIGH,1237,0.0444624090541633,0.03446863724580276,0.2433306386418755,0.2528518371117665,0.08245755860953921,0.09337118396147204,0.030787983463422892,0.03136912179078035,,
ALL,FHS,p2,0_0.01,13,,,,,,,,,0.0,0.007617281304787808
ALL,FHS,p2,0.01_0.05,711,,,,,,,,,0.057665260196905765,0.036381904556105175
ALL,FHS,p2,0.05_0.1,1759,,,,,,,,,0.07220011370096646,0.07571500940538443
ALL,FHS,p2,0.1_0.2,2707,,,,,,,,,0.14961211673439231,0.14939816467934988
ALL,FHS,p2,0.2_1.000001,1426,,,,,,,,,0.23983169705469845,0.24783395005071043
ALL,FHS,p5,0_0.01,3257,,,,,,,,,0.004912496162112374,0.003722332289522217
ALL,FHS,p5,0.01_0.05,2309,,,,,,,,,0.02252057167605024,0.024067877547884288
ALL,FHS,p5,0.05_0.1,669,,,,,,,,,0.04932735426008968,0.06911442582276268
ALL,FHS,p5,0.1_0.2,299,,,,,,,,,0.13712374581939799,0.14036212054046046
ALL,FHS,p5,0.2_1.000001,82,,,,,,,,,0.21951219512195122,0.23522056347131573
PRE2020,HS,RISK,LOW,2607,0.012658227848101266,0.2845254135276564,0.079018028385117,0.1606866205570335,0.004219409282700422,0.02675766799485985,0.010233076970297324,0.018592102629536356,,
PRE2020,HS,RISK,MID,1446,0.04564315352697095,0.13030037058606206,0.17565698478561548,0.1648501418530862,0.017289073305670817,0.027508056931163743,0.017247120601267384,0.019023150224978316,,
PRE2020,HS,RISK,HIGH,896,0.13616071428571427,-0.982804496821914,0.2622767857142857,0.16624902261559832,0.09263392857142858,0.02696925045704418,0.032311298600203535,0.019167344436824052,,
PRE2020,HS,p2,0_0.01,0,,,,,,,,,,
PRE2020,HS,p2,0.01_0.05,0,,,,,,,,,,
PRE2020,HS,p2,0.05_0.1,0,,,,,,,,,,
PRE2020,HS,p2,0.1_0.2,4949,,,,,,,,,0.14043241058799757,0.16291017360584464
PRE2020,HS,p2,0.2_1.000001,0,,,,,,,,,,
PRE2020,HS,p5,0_0.01,0,,,,,,,,,,
PRE2020,HS,p5,0.01_0.05,4949,,,,,,,,,0.024045261669024046,0.02701522311468458
PRE2020,HS,p5,0.05_0.1,0,,,,,,,,,,
PRE2020,HS,p5,0.1_0.2,0,,,,,,,,,,
PRE2020,HS,p5,0.2_1.000001,0,,,,,,,,,,
PRE2020,FHS,RISK,LOW,2607,0.05101649405446874,-0.0842014286858693,0.079018028385117,0.07667567010145677,0.004219409282700422,0.003608748283048164,0.010233076970297324,0.011277787634651615,,
PRE2020,FHS,RISK,MID,1446,0.04564315352697095,0.04276926217461733,0.17565698478561548,0.17279845518358722,0.017289073305670817,0.023058806275542115,0.017247120601267384,0.018368577616072242,,
PRE2020,FHS,RISK,HIGH,896,0.04352678571428571,0.031029393957611,0.2622767857142857,0.25918022290279946,0.09263392857142858,0.09665506647712237,0.032311298600203535,0.0321182779280822,,
PRE2020,FHS,p2,0_0.01,13,,,,,,,,,0.0,0.007617281304787808
PRE2020,FHS,p2,0.01_0.05,631,,,,,,,,,0.05705229793977813,0.03584711151245961
PRE2020,FHS,p2,0.05_0.1,1321,,,,,,,,,0.07040121120363362,0.07525652133325132
PRE2020,FHS,p2,0.1_0.2,1877,,,,,,,,,0.1529035695258391,0.1505872141143811
PRE2020,FHS,p2,0.2_1.000001,1107,,,,,,,,,0.25203252032520324,0.25040731732215954
PRE2020,FHS,p5,0_0.01,2574,,,,,,,,,0.004273504273504274,0.0033667099868332157
PRE2020,FHS,p5,0.01_0.05,1593,,,,,,,,,0.021343377275580666,0.024327743203048143
PRE2020,FHS,p5,0.05_0.1,473,,,,,,,,,0.052854122621564484,0.06914110529880646
PRE2020,FHS,p5,0.1_0.2,252,,,,,,,,,0.1388888888888889,0.14170111470769095
PRE2020,FHS,p5,0.2_1.000001,57,,,,,,,,,0.24561403508771928,0.23722017667726553
GFC,HS,RISK,LOW,131,0.04580152671755725,0.14442925781572707,0.11450381679389313,0.14991380480182473,0.015267175572519083,0.022782573522133177,0.01094061503506446,0.017663357610905907,,
GFC,HS,RISK,MID,320,0.0375,0.25079978309252715,0.203125,0.15803237228156003,0.00625,0.02589069006322766,0.01846577283609621,0.01842009412152822,,
GFC,HS,RISK,HIGH,305,0.19344262295081968,-1.9703943046861196,0.3114754098360656,0.1596574640773321,0.14098360655737704,0.026588978640224095,0.04041492547585931,0.018570175511722634,,
GFC,HS,p2,0_0.01,0,,,,,,,,,,
GFC,HS,p2,0.01_0.05,0,,,,,,,,,,
GFC,HS,p2,0.05_0.1,0,,,,,,,,,,
GFC,HS,p2,0.1_0.2,756,,,,,,,,,0.23148148148148148,0.157281209130588
GFC,HS,p2,0.2_1.000001,0,,,,,,,,,,
GFC,HS,p5,0_0.01,0,,,,,,,,,,
GFC,HS,p5,0.01_0.05,756,,,,,,,,,0.062169312169312166,0.02563383126574159
GFC,HS,p5,0.05_0.1,0,,,,,,,,,,
GFC,HS,p5,0.1_0.2,0,,,,,,,,,,
GFC,HS,p5,0.2_1.000001,0,,,,,,,,,,
GFC,FHS,RISK,LOW,131,0.0916030534351145,-0.943329378333817,0.11450381679389313,0.07094920196917107,0.015267175572519083,0.0029201015183167494,0.01094061503506446,0.010948222278207175,,
GFC,FHS,RISK,MID,320,0.040625,0.176291850249401,0.203125,0.17831592127380305,0.00625,0.02378174261918885,0.01846577283609621,0.01864683225451162,,
GFC,FHS,RISK,HIGH,305,0.04262295081967213,-0.0007550945996523309,0.3114754098360656,0.2776073466912578,0.14098360655737704,0.12345040675621932,0.04041492547585931,0.03717277438287463,,
GFC,FHS,p2,0_0.01,0,,,,,,,,,,
GFC,FHS,p2,0.01_0.05,32,,,,,,,,,0.15625,0.037753562695829385
GFC,FHS,p2,0.05_0.1,79,,,,,,,,,0.11392405063291139,0.07431709526154077
GFC,FHS,p2,0.1_0.2,275,,,,,,,,,0.19636363636363635,0.1665801287204569
GFC,FHS,p2,0.2_1.000001,370,,,,,,,,,0.2891891891891892,0.265235083990157
GFC,FHS,p5,0_0.01,149,,,,,,,,,0.013422818791946308,0.0036561990282714366
GFC,FHS,p5,0.01_0.05,357,,,,,,,,,0.014005602240896359,0.027727128810498228
GFC,FHS,p5,0.05_0.1,91,,,,,,,,,0.02197802197802198,0.07010646011438366
GFC,FHS,p5,0.1_0.2,104,,,,,,,,,0.23076923076923078,0.15112394907214893
GFC,FHS,p5,0.2_1.000001,55,,,,,,,,,0.2545454545454545,0.2382750506038928
2011,HS,RISK,LOW,83,0.024096385542168676,0.2975935215280308,0.13253012048192772,0.16697325562647716,0.012048192771084338,0.030354177414224363,0.015256625739448672,0.01928458274906771,,
2011,HS,RISK,MID,72,0.1111111111111111,-0.8007859566485316,0.16666666666666666,0.16675547083250508,0.06944444444444445,0.03032233806999069,0.019715135593564685,0.01927914062568499,,
2011,HS,RISK,HIGH,97,0.12371134020618557,-0.18893659113798097,0.26804123711340205,0.16828167843299813,0.061855670103092786,0.031068530106265525,0.029618498037982745,0.019409624108398523,,
2011,HS,p2,0_0.01,0,,,,,,,,,,
2011,HS,p2,0.01_0.05,0,,,,,,,,,,
2011,HS,p2,0.05_0.1,0,,,,,,,,,,
2011,HS,p2,0.1_0.2,252,,,,,,,,,0.19444444444444445,0.16741467033705865
2011,HS,p2,0.2_1.000001,0,,,,,,,,,,
2011,HS,p5,0_0.01,0,,,,,,,,,,
2011,HS,p5,0.01_0.05,252,,,,,,,,,0.047619047619047616,0.03062004955050677
2011,HS,p5,0.05_0.1,0,,,,,,,,,,
2011,HS,p5,0.1_0.2,0,,,,,,,,,,
2011,HS,p5,0.2_1.000001,0,,,,,,,,,,
2011,FHS,RISK,LOW,83,0.03614457831325301,0.017429804364590133,0.13253012048192772,0.10362868203676934,0.012048192771084338,0.0058436120625333515,0.015256625739448672,0.01289809762560219,,
2011,FHS,RISK,MID,72,0.125,-1.0992648015368194,0.16666666666666666,0.16714072752331693,0.06944444444444445,0.019161218931708565,0.019715135593564685,0.017575618086751534,,
2011,FHS,RISK,HIGH,97,0.030927835051546393,0.22085716424079088,0.26804123711340205,0.2627065191217847,0.061855670103092786,0.09684914228267968,0.029618498037982745,0.030915869440605145,,
2011,FHS,p2,0_0.01,0,,,,,,,,,,
2011,FHS,p2,0.01_0.05,1,,,,,,,,,0.0,0.046380697050938335
2011,FHS,p2,0.05_0.1,36,,,,,,,,,0.027777777777777776,0.07687278746810625
2011,FHS,p2,0.1_0.2,106,,,,,,,,,0.1792452830188679,0.14396298042998057
2011,FHS,p2,0.2_1.000001,109,,,,,,,,,0.26605504587155965,0.25728411352351455
2011,FHS,p5,0_0.01,81,,,,,,,,,0.012345679012345678,0.005733750543777368
2011,FHS,p5,0.01_0.05,80,,,,,,,,,0.0625,0.02109636422302476
2011,FHS,p5,0.05_0.1,48,,,,,,,,,0.041666666666666664,0.07288023442635595
2011,FHS,p5,0.1_0.2,43,,,,,,,,,0.09302325581395349,0.13043256235674838
2011,FHS,p5,0.2_1.000001,0,,,,,,,,,,
2015_2016,HS,RISK,LOW,326,0.015337423312883436,0.1912088028064544,0.07668711656441718,0.15375239656119266,0.009202453987730062,0.02601115098042945,0.011314789202076342,0.017896811952948614,,
2015_2016,HS,RISK,MID,120,0.016666666666666666,0.29916377728289933,0.08333333333333333,0.15472255574404253,0.008333333333333333,0.026364622657537765,0.011575801814427192,0.01798902555332099,,
2015_2016,HS,RISK,HIGH,58,0.08620689655172414,0.19115391856934033,0.20689655172413793,0.15424152120448364,0.0,0.02630195108239389,0.02173920123464549,0.01795302631518519,,
2015_2016,HS,p2,0_0.01,0,,,,,,,,,,
2015_2016,HS,p2,0.01_0.05,0,,,,,,,,,,
2015_2016,HS,p2,0.05_0.1,0,,,,,,,,,,
2015_2016,HS,p2,0.1_0.2,504,,,,,,,,,0.09325396825396826,0.1540396749962182
2015_2016,HS,p2,0.2_1.000001,0,,,,,,,,,,
2015_2016,HS,p5,0_0.01,0,,,,,,,,,,
2015_2016,HS,p5,0.01_0.05,504,,,,,,,,,0.007936507936507936,0.02612877599464956
2015_2016,HS,p5,0.05_0.1,0,,,,,,,,,,
2015_2016,HS,p5,0.1_0.2,0,,,,,,,,,,
2015_2016,HS,p5,0.2_1.000001,0,,,,,,,,,,
2015_2016,FHS,RISK,LOW,326,0.05828220858895705,-0.25947136475974625,0.07668711656441718,0.07374085989446122,0.009202453987730062,0.0031976224928187756,0.011314789202076342,0.010929534629654436,,
2015_2016,FHS,RISK,MID,120,0.025,0.1274814459918597,0.08333333333333333,0.15642843073668683,0.008333333333333333,0.017684635014094903,0.011575801814427192,0.01673269514143153,,
2015_2016,FHS,RISK,HIGH,58,0.0,0.2912525678993734,0.20689655172413793,0.23847862901675654,0.0,0.07500784892643787,0.02173920123464549,0.027389298838004207,,
2015_2016,FHS,p2,0_0.01,0,,,,,,,,,,
2015_2016,FHS,p2,0.01_0.05,65,,,,,,,,,0.06153846153846154,0.03702498583930129
2015_2016,FHS,p2,0.05_0.1,219,,,,,,,,,0.0730593607305936,0.07818967554755474
2015_2016,FHS,p2,0.1_0.2,161,,,,,,,,,0.09316770186335403,0.14334304078907784
2015_2016,FHS,p2,0.2_1.000001,59,,,,,,,,,0.2033898305084746,0.23786948992301787
2015_2016,FHS,p5,0_0.01,343,,,,,,,,,0.011661807580174927,0.0035061525633076863
2015_2016,FHS,p5,0.01_0.05,115,,,,,,,,,0.0,0.022019322276294575
2015_2016,FHS,p5,0.05_0.1,37,,,,,,,,,0.0,0.06848776566716545
2015_2016,FHS,p5,0.1_0.2,9,,,,,,,,,0.0,0.13846185015668577
2015_2016,FHS,p5,0.2_1.000001,0,,,,,,,,,,
2018Q4,HS,RISK,LOW,7,0.5714285714285714,-0.7815915139798527,0.8571428571428571,0.14225128114507865,0.0,0.023679095246509987,0.036338778196795096,0.016863792327520045,,
2018Q4,HS,RISK,MID,29,0.20689655172413793,0.07242879392463569,0.5172413793103449,0.14325286864186484,0.0,0.023613613237632076,0.03141657011756438,0.01688883459315808,,
2018Q4,HS,RISK,HIGH,27,0.25925925925925924,-1.4228267133385553,0.3333333333333333,0.14394238872800058,0.14814814814814814,0.023546318323134207,0.029102813682434305,0.016904012923859436,,
2018Q4,HS,p2,0_0.01,0,,,,,,,,,,
2018Q4,HS,p2,0.01_0.05,0,,,,,,,,,,
2018Q4,HS,p2,0.05_0.1,0,,,,,,,,,,
2018Q4,HS,p2,0.1_0.2,63,,,,,,,,,0.47619047619047616,0.14343708975056582
2018Q4,HS,p2,0.2_1.000001,0,,,,,,,,,,
2018Q4,HS,p5,0_0.01,0,,,,,,,,,,
2018Q4,HS,p5,0.01_0.05,63,,,,,,,,,0.06349206349206349,0.023592048338754352
2018Q4,HS,p5,0.05_0.1,0,,,,,,,,,,
2018Q4,HS,p5,0.1_0.2,0,,,,,,,,,,
2018Q4,HS,p5,0.2_1.000001,0,,,,,,,,,,
2018Q4,FHS,RISK,LOW,7,0.7142857142857143,-7.506740418729403,0.8571428571428571,0.061419231060510435,0.0,0.00270113346628632,0.036338778196795096,0.01010381634181895,,
2018Q4,FHS,RISK,MID,29,0.13793103448275862,0.03365660688704617,0.5172413793103449,0.17232778507254037,0.0,0.026092670551521084,0.03141657011756438,0.018389416708484596,,
2018Q4,FHS,RISK,HIGH,27,0.14814814814814814,-0.3844881710842,0.3333333333333333,0.22480058766019065,0.14814814814814814,0.06507489217849026,0.029102813682434305,0.025444386706778118,,
2018Q4,FHS,p2,0_0.01,0,,,,,,,,,,
2018Q4,FHS,p2,0.01_0.05,2,,,,,,,,,1.0,0.04285209400954232
2018Q4,FHS,p2,0.05_0.1,5,,,,,,,,,0.8,0.06884608588089768
2018Q4,FHS,p2,0.1_0.2,31,,,,,,,,,0.4838709677419355,0.17387877634945548
2018Q4,FHS,p2,0.2_1.000001,25,,,,,,,,,0.36,0.22707518268382793
2018Q4,FHS,p5,0_0.01,8,,,,,,,,,0.0,0.0034900159038699415
2018Q4,FHS,p5,0.01_0.05,34,,,,,,,,,0.058823529411764705,0.029811693026899018
2018Q4,FHS,p5,0.05_0.1,19,,,,,,,,,0.10526315789473684,0.06745057577496798
2018Q4,FHS,p5,0.1_0.2,2,,,,,,,,,0.0,0.10476941960371734
2018Q4,FHS,p5,0.2_1.000001,0,,,,,,,,,,
COVID,HS,RISK,LOW,1,1.0,-20.180949431335698,1.0,0.1432860717264387,1.0,0.023185988323603003,0.09557663595927846,0.016690261311982948,,
COVID,HS,RISK,MID,7,0.2857142857142857,-6.780980079772582,0.42857142857142855,0.14449091223966562,0.2857142857142857,0.024608065588873056,0.062306941130953045,0.016946933030187083,,
COVID,HS,RISK,HIGH,85,0.16470588235294117,-2.6551960863840494,0.24705882352941178,0.1447744724534526,0.12941176470588237,0.024759490310062655,0.040274332945318944,0.016929777493719763,,
COVID,HS,p2,0_0.01,0,,,,,,,,,,
COVID,HS,p2,0.01_0.05,0,,,,,,,,,,
COVID,HS,p2,0.05_0.1,0,,,,,,,,,,
COVID,HS,p2,0.1_0.2,93,,,,,,,,,0.26881720430107525,0.144737124902662
COVID,HS,p2,0.2_1.000001,0,,,,,,,,,,
COVID,HS,p5,0_0.01,0,,,,,,,,,,
COVID,HS,p5,0.01_0.05,93,,,,,,,,,0.15053763440860216,0.02473117337420473
COVID,HS,p5,0.05_0.1,0,,,,,,,,,,
COVID,HS,p5,0.1_0.2,0,,,,,,,,,,
COVID,HS,p5,0.2_1.000001,0,,,,,,,,,,
COVID,FHS,RISK,LOW,1,1.0,-41.450608042134476,1.0,0.08023352793994996,1.0,0.004170141784820684,0.09557663595927846,0.011175265198919353,,
COVID,FHS,RISK,MID,7,0.2857142857142857,-10.482487514744728,0.42857142857142855,0.1665549472425451,0.2857142857142857,0.02718628155400585,0.062306941130953045,0.018070029592282065,,
COVID,FHS,RISK,HIGH,85,0.09411764705882353,-0.0827374100748442,0.24705882352941178,0.27341535459921756,0.12941176470588237,0.13634930122283312,0.040274332945318944,0.04056628684327407,,
COVID,FHS,p2,0_0.01,0,,,,,,,,,,
COVID,FHS,p2,0.01_0.05,0,,,,,,,,,,
COVID,FHS,p2,0.05_0.1,1,,,,,,,,,1.0,0.08023352793994996
COVID,FHS,p2,0.1_0.2,8,,,,,,,,,0.375,0.1703764901794756
COVID,FHS,p2,0.2_1.000001,84,,,,,,,,,0.25,0.27432354583566076
COVID,FHS,p5,0_0.01,3,,,,,,,,,1.0,0.007395051431748678
COVID,FHS,p5,0.01_0.05,10,,,,,,,,,0.0,0.0406754204863462
COVID,FHS,p5,0.05_0.1,28,,,,,,,,,0.03571428571428571,0.07192812692432492
COVID,FHS,p5,0.1_0.2,27,,,,,,,,,0.2222222222222222,0.13239635813037448
COVID,FHS,p5,0.2_1.000001,25,,,,,,,,,0.16,0.23066144536175034
2022,HS,RISK,LOW,2,0.0,0.36243615465966633,0.5,0.1416885321808921,0.0,0.024077789782373824,0.03238857552769875,0.01681278580597377,,
2022,HS,RISK,MID,98,0.15306122448979592,-0.4027300094047627,0.3979591836734694,0.1449066371564587,0.09183673469387756,0.0250322726465607,0.028239190628757346,0.017013290718301537,,
2022,HS,RISK,HIGH,151,0.11258278145695365,-0.4827000026948885,0.24503311258278146,0.1452020124229755,0.052980132450331126,0.025038584143146313,0.026850742468050463,0.017015759053690894,,
2022,HS,p2,0_0.01,0,,,,,,,,,,
2022,HS,p2,0.01_0.05,0,,,,,,,,,,
2022,HS,p2,0.05_0.1,0,,,,,,,,,,
2022,HS,p2,0.1_0.2,251,,,,,,,,,0.30677290836653387,0.14505869076320332
2022,HS,p2,0.2_1.000001,0,,,,,,,,,,
2022,HS,p5,0_0.01,0,,,,,,,,,,
2022,HS,p5,0.01_0.05,251,,,,,,,,,0.06772908366533864,0.025028464161525054
2022,HS,p5,0.05_0.1,0,,,,,,,,,,
2022,HS,p5,0.1_0.2,0,,,,,,,,,,
2022,HS,p5,0.2_1.000001,0,,,,,,,,,,
2022,FHS,RISK,LOW,2,0.5,-0.6986669129808796,0.5,0.09422750424448217,0.0,0.006405309461336626,0.03238857552769875,0.012175387828850606,,
2022,FHS,RISK,MID,98,0.15306122448979592,-0.6580974363955899,0.3979591836734694,0.16849096015148973,0.09183673469387756,0.026268558674587897,0.028239190628757346,0.018056629724454668,,
2022,FHS,RISK,HIGH,151,0.052980132450331126,-0.07091346498099856,0.24503311258278146,0.22312812931338255,0.052980132450331126,0.06565788376798817,0.026850742468050463,0.025336611450859418,,
2022,FHS,p2,0_0.01,0,,,,,,,,,,
2022,FHS,p2,0.01_0.05,0,,,,,,,,,,
2022,FHS,p2,0.05_0.1,2,,,,,,,,,0.5,0.09422750424448217
2022,FHS,p2,0.1_0.2,106,,,,,,,,,0.37735849056603776,0.17065200828802074
2022,FHS,p2,0.2_1.000001,143,,,,,,,,,0.2517482517482518,0.22458285834011577
2022,FHS,p5,0_0.01,4,,,,,,,,,0.0,0.007832998919586356
2022,FHS,p5,0.01_0.05,131,,,,,,,,,0.07633587786259542,0.03175646222614226
2022,FHS,p5,0.05_0.1,110,,,,,,,,,0.06363636363636363,0.0694069376597901
2022,FHS,p5,0.1_0.2,6,,,,,,,,,0.0,0.11254635468643469
2022,FHS,p5,0.2_1.000001,0,,,,,,,,,,
2023_PLUS,HS,RISK,LOW,407,0.007371007371007371,0.358184950397392,0.056511056511056514,0.14493235972678029,0.0,0.0246662728574758,0.009748152588853221,0.016951242146562507,,
2023_PLUS,HS,RISK,MID,449,0.022271714922048998,0.13677570590884935,0.12249443207126949,0.14454226801027348,0.015590200445434299,0.024586085347602312,0.014774529976000579,0.016924837683623798,,
2023_PLUS,HS,RISK,HIGH,55,0.01818181818181818,0.3183787082361728,0.05454545454545454,0.14467946816070723,0.0,0.024433322860220607,0.015198485695390255,0.016903269105292783,,
2023_PLUS,HS,p2,0_0.01,0,,,,,,,,,,
2023_PLUS,HS,p2,0.01_0.05,0,,,,,,,,,,
2023_PLUS,HS,p2,0.05_0.1,0,,,,,,,,,,
2023_PLUS,HS,p2,0.1_0.2,911,,,,,,,,,0.0889132821075741,0.14472482930214187
2023_PLUS,HS,p2,0.2_1.000001,0,,,,,,,,,,
2023_PLUS,HS,p5,0_0.01,0,,,,,,,,,,
2023_PLUS,HS,p5,0.01_0.05,911,,,,,,,,,0.007683863885839737,0.024612687301183562
2023_PLUS,HS,p5,0.05_0.1,0,,,,,,,,,,
2023_PLUS,HS,p5,0.1_0.2,0,,,,,,,,,,
2023_PLUS,HS,p5,0.2_1.000001,0,,,,,,,,,,
2023_PLUS,FHS,RISK,LOW,407,0.044226044226044224,0.11402260143165055,0.056511056511056514,0.07642643087003345,0.0,0.004485428427262639,0.009748152588853221,0.01098927569017818,,
2023_PLUS,FHS,RISK,MID,449,0.0400890868596882,0.050929609759973175,0.12249443207126949,0.14437638173300268,0.015590200445434299,0.017835019129962115,0.014774529976000579,0.01593192091003607,,
2023_PLUS,FHS,RISK,HIGH,55,0.0,0.3081270459098045,0.05454545454545454,0.23454928556376456,0.0,0.08224009968234895,0.015198485695390255,0.028211575722514003,,
2023_PLUS,FHS,p2,0_0.01,0,,,,,,,,,,
2023_PLUS,FHS,p2,0.01_0.05,42,,,,,,,,,0.09523809523809523,0.04150299298424155
2023_PLUS,FHS,p2,0.05_0.1,311,,,,,,,,,0.05466237942122187,0.07662089321044498
2023_PLUS,FHS,p2,0.1_0.2,509,,,,,,,,,0.11394891944990176,0.14054453381749063
2023_PLUS,FHS,p2,0.2_1.000001,49,,,,,,,,,0.04081632653061224,0.23921167880284896
2023_PLUS,FHS,p5,0_0.01,485,,,,,,,,,0.0,0.005179181150726836
2023_PLUS,FHS,p5,0.01_0.05,389,,,,,,,,,0.017994858611825194,0.020894254234498314
2023_PLUS,FHS,p5,0.05_0.1,24,,,,,,,,,0.0,0.07617055916561384
2023_PLUS,FHS,p5,0.1_0.2,13,,,,,,,,,0.0,0.14529517434469114
2023_PLUS,FHS,p5,0.2_1.000001,0,,,,,,,,,,
2024_PLUS,HS,RISK,LOW,290,0.006896551724137931,0.3570117070136817,0.04827586206896552,0.14409372592989644,0.0,0.02441153752440521,0.009386962075416812,0.016875281014708136,,
2024_PLUS,HS,RISK,MID,324,0.027777777777777776,0.06969979712680321,0.12037037037037036,0.14342056310470663,0.018518518518518517,0.024249354742979803,0.014974335820754936,0.01682859427505917,,
2024_PLUS,HS,RISK,HIGH,47,0.02127659574468085,0.3105315624553932,0.06382978723404255,0.14414237456926712,0.0,0.02423563894927717,0.016014556430015845,0.016851451037113913,,
2024_PLUS,HS,p2,0_0.01,0,,,,,,,,,,
2024_PLUS,HS,p2,0.01_0.05,0,,,,,,,,,,
2024_PLUS,HS,p2,0.05_0.1,0,,,,,,,,,,
2024_PLUS,HS,p2,0.1_0.2,661,,,,,,,,,0.08472012102874432,0.14376722325317773
2024_PLUS,HS,p2,0.2_1.000001,0,,,,,,,,,,
2024_PLUS,HS,p5,0_0.01,0,,,,,,,,,,
2024_PLUS,HS,p5,0.01_0.05,661,,,,,,,,,0.009077155824508321,0.024319533811526472
2024_PLUS,HS,p5,0.05_0.1,0,,,,,,,,,,
2024_PLUS,HS,p5,0.1_0.2,0,,,,,,,,,,
2024_PLUS,HS,p5,0.2_1.000001,0,,,,,,,,,,
2024_PLUS,FHS,RISK,LOW,290,0.041379310344827586,0.11588861445364637,0.04827586206896552,0.07326442072031918,0.0,0.004199691286879926,0.009386962075416812,0.010773413761515981,,
2024_PLUS,FHS,RISK,MID,324,0.043209876543209874,-0.015468020782173872,0.12037037037037036,0.14365056601888165,0.018518518518518517,0.017560743516045904,0.014974335820754936,0.01586992533315228,,
2024_PLUS,FHS,RISK,HIGH,47,0.0,0.30782933776356636,0.06382978723404255,0.239311714462246,0.0,0.08816118333446255,0.016014556430015845,0.029208658147998563,,
2024_PLUS,FHS,p2,0_0.01,0,,,,,,,,,,
2024_PLUS,FHS,p2,0.01_0.05,38,,,,,,,,,0.10526315789473684,0.041278985908954104
2024_PLUS,FHS,p2,0.05_0.1,223,,,,,,,,,0.04484304932735426,0.07500652139416361
2024_PLUS,FHS,p2,0.1_0.2,359,,,,,,,,,0.11142061281337047,0.1411511089365987
2024_PLUS,FHS,p2,0.2_1.000001,41,,,,,,,,,0.04878048780487805,0.24558078378190512
2024_PLUS,FHS,p5,0_0.01,346,,,,,,,,,0.0,0.004946726364668164
2024_PLUS,FHS,p5,0.01_0.05,280,,,,,,,,,0.02142857142857143,0.020455551891610208
2024_PLUS,FHS,p5,0.05_0.1,22,,,,,,,,,0.0,0.07832763049121655
2024_PLUS,FHS,p5,0.1_0.2,13,,,,,,,,,0.0,0.14529517434469114
2024_PLUS,FHS,p5,0.2_1.000001,0,,,,,,,,,,
EX_MAJOR_SHOCKS,HS,RISK,LOW,3043,0.010187315149523497,0.30440574195507974,0.07394019060138021,0.15813345331112114,0.0029576076240552087,0.026536078267232043,0.010179329188889084,0.018324433844016327,,
EX_MAJOR_SHOCKS,HS,RISK,MID,1761,0.0380465644520159,0.12688822629015298,0.14764338444065872,0.15875006955804827,0.018171493469619535,0.02676815294676208,0.015878922322866456,0.01838309716463915,,
EX_MAJOR_SHOCKS,HS,RISK,HIGH,697,0.09325681492109039,-0.3494448328012743,0.21233859397417504,0.1658864502304773,0.05738880918220947,0.02679905906851204,0.026235245571845353,0.019095578674584793,,
EX_MAJOR_SHOCKS,HS,p2,0_0.01,0,,,,,,,,,,
EX_MAJOR_SHOCKS,HS,p2,0.01_0.05,0,,,,,,,,,,
EX_MAJOR_SHOCKS,HS,p2,0.05_0.1,0,,,,,,,,,,
EX_MAJOR_SHOCKS,HS,p2,0.1_0.2,5501,,,,,,,,,0.1150699872750409,0.15931318428069577
EX_MAJOR_SHOCKS,HS,p2,0.2_1.000001,0,,,,,,,,,,
EX_MAJOR_SHOCKS,HS,p5,0_0.01,0,,,,,,,,,,
EX_MAJOR_SHOCKS,HS,p5,0.01_0.05,5501,,,,,,,,,0.014724595528085803,0.02664369163373714
EX_MAJOR_SHOCKS,HS,p5,0.05_0.1,0,,,,,,,,,,
EX_MAJOR_SHOCKS,HS,p5,0.1_0.2,0,,,,,,,,,,
EX_MAJOR_SHOCKS,HS,p5,0.2_1.000001,0,,,,,,,,,,
EX_MAJOR_SHOCKS,FHS,RISK,LOW,3043,0.04863621426224121,-0.011774204315407186,0.07394019060138021,0.07663421954290141,0.0029576076240552087,0.0037929147188556804,0.010179329188889084,0.01122152546951493,,
EX_MAJOR_SHOCKS,FHS,RISK,MID,1761,0.04202157864849517,0.03650783360498517,0.14764338444065872,0.16214944749519553,0.018171493469619535,0.021186366637509477,0.015878922322866456,0.017488068227754734,,
EX_MAJOR_SHOCKS,FHS,RISK,HIGH,697,0.03730272596843615,0.08740177763527698,0.21233859397417504,0.24589160211424443,0.05738880918220947,0.08091306600872838,0.026235245571845353,0.02900330873879475,,
EX_MAJOR_SHOCKS,FHS,p2,0_0.01,13,,,,,,,,,0.0,0.007617281304787808
EX_MAJOR_SHOCKS,FHS,p2,0.01_0.05,673,,,,,,,,,0.05349182763744428,0.03636458387878865
EX_MAJOR_SHOCKS,FHS,p2,0.05_0.1,1671,,,,,,,,,0.06642728904847396,0.07571548846098501
EX_MAJOR_SHOCKS,FHS,p2,0.1_0.2,2314,,,,,,,,,0.1331028522039758,0.14637392406155564
EX_MAJOR_SHOCKS,FHS,p2,0.2_1.000001,830,,,,,,,,,0.21445783132530122,0.24135822009347468
EX_MAJOR_SHOCKS,FHS,p5,0_0.01,3086,,,,,,,,,0.0032404406999351912,0.0037148413882194882
EX_MAJOR_SHOCKS,FHS,p5,0.01_0.05,1810,,,,,,,,,0.020441988950276244,0.022709304930644676
EX_MAJOR_SHOCKS,FHS,p5,0.05_0.1,441,,,,,,,,,0.05215419501133787,0.06862079335568708
EX_MAJOR_SHOCKS,FHS,p5,0.1_0.2,162,,,,,,,,,0.06790123456790123,0.13581113296577454
EX_MAJOR_SHOCKS,FHS,p5,0.2_1.000001,2,,,,,,,,,0.0,0.20821114369501464
NONOVERLAP5_0,HS,RISK,LOW,637,0.0141287284144427,0.29941748873721946,0.08163265306122448,0.15786843372810594,0.0031397174254317113,0.026369503957412683,0.010366499600996067,0.018303841000048567,,
NONOVERLAP5_0,HS,RISK,MID,440,0.029545454545454545,0.19779996449072856,0.15,0.15744129433891269,0.011363636363636364,0.026430874726965092,0.016842529347812277,0.01827120432489875,,
NONOVERLAP5_0,HS,RISK,HIGH,246,0.13821138211382114,-0.8939040688840914,0.2682926829268293,0.1609370175032746,0.08130081300813008,0.026599866325631053,0.031311072304716706,0.01861766345021065,,
NONOVERLAP5_0,HS,p2,0_0.01,0,,,,,,,,,,
NONOVERLAP5_0,HS,p2,0.01_0.05,0,,,,,,,,,,
NONOVERLAP5_0,HS,p2,0.05_0.1,0,,,,,,,,,,
NONOVERLAP5_0,HS,p2,0.1_0.2,1323,,,,,,,,,0.13907785336356765,0.15829695245633457
NONOVERLAP5_0,HS,p2,0.2_1.000001,0,,,,,,,,,,
NONOVERLAP5_0,HS,p5,0_0.01,0,,,,,,,,,,
NONOVERLAP5_0,HS,p5,0.01_0.05,1323,,,,,,,,,0.02040816326530612,0.026432748312049704
NONOVERLAP5_0,HS,p5,0.05_0.1,0,,,,,,,,,,
NONOVERLAP5_0,HS,p5,0.1_0.2,0,,,,,,,,,,
NONOVERLAP5_0,HS,p5,0.2_1.000001,0,,,,,,,,,,
NONOVERLAP5_0,FHS,RISK,LOW,637,0.054945054945054944,-0.09924713830985515,0.08163265306122448,0.07697180017411503,0.0031397174254317113,0.003824357763560946,0.010366499600996067,0.011249673774786119,,
NONOVERLAP5_0,FHS,RISK,MID,440,0.029545454545454545,0.12576080616078938,0.15,0.1639209931159229,0.011363636363636364,0.021392282394349517,0.016842529347812277,0.017586405517813496,,
NONOVERLAP5_0,FHS,RISK,HIGH,246,0.044715447154471545,0.12986234239408073,0.2682926829268293,0.25399745960318226,0.08130081300813008,0.09440474730209666,0.031311072304716706,0.03163686443306816,,
NONOVERLAP5_0,FHS,p2,0_0.01,4,,,,,,,,,0.0,0.007466963057128426
NONOVERLAP5_0,FHS,p2,0.01_0.05,135,,,,,,,,,0.08888888888888889,0.036483144723713286
NONOVERLAP5_0,FHS,p2,0.05_0.1,349,,,,,,,,,0.06017191977077364,0.07493577870737798
NONOVERLAP5_0,FHS,p2,0.1_0.2,555,,,,,,,,,0.14414414414414414,0.1491453607912383
NONOVERLAP5_0,FHS,p2,0.2_1.000001,280,,,,,,,,,0.25357142857142856,0.24912962266556513
NONOVERLAP5_0,FHS,p5,0_0.01,647,,,,,,,,,0.0030911901081916537,0.003733206866688823
NONOVERLAP5_0,FHS,p5,0.01_0.05,463,,,,,,,,,0.01079913606911447,0.023453588987864205
NONOVERLAP5_0,FHS,p5,0.05_0.1,137,,,,,,,,,0.058394160583941604,0.06927488538991468
NONOVERLAP5_0,FHS,p5,0.1_0.2,58,,,,,,,,,0.13793103448275862,0.13879515240294357
NONOVERLAP5_0,FHS,p5,0.2_1.000001,18,,,,,,,,,0.2222222222222222,0.23650629462778103
NONOVERLAP5_1,HS,RISK,LOW,626,0.009584664536741214,0.3073192349324096,0.07827476038338659,0.15768729746229249,0.003194888178913738,0.026324286072831406,0.010376374849056125,0.018288536664201792,,
NONOVERLAP5_1,HS,RISK,MID,444,0.04054054054054054,0.061667773998823346,0.15765765765765766,0.15806147638875315,0.024774774774774775,0.02662942250028736,0.016678713158872288,0.018328389183884294,,
NONOVERLAP5_1,HS,RISK,HIGH,254,0.11811023622047244,-0.8711239660181384,0.23228346456692914,0.16021863716118886,0.08661417322834646,0.026337672321195597,0.030835798761683388,0.018548072303549556,,
NONOVERLAP5_1,HS,p2,0_0.01,0,,,,,,,,,,
NONOVERLAP5_1,HS,p2,0.01_0.05,0,,,,,,,,,,
NONOVERLAP5_1,HS,p2,0.05_0.1,0,,,,,,,,,,
NONOVERLAP5_1,HS,p2,0.1_0.2,1324,,,,,,,,,0.13444108761329304,0.15829839695388478
NONOVERLAP5_1,HS,p2,0.2_1.000001,0,,,,,,,,,,
NONOVERLAP5_1,HS,p5,0_0.01,0,,,,,,,,,,
NONOVERLAP5_1,HS,p5,0.01_0.05,1324,,,,,,,,,0.026435045317220542,0.026429180846906142
NONOVERLAP5_1,HS,p5,0.05_0.1,0,,,,,,,,,,
NONOVERLAP5_1,HS,p5,0.1_0.2,0,,,,,,,,,,
NONOVERLAP5_1,HS,p5,0.2_1.000001,0,,,,,,,,,,
NONOVERLAP5_1,FHS,RISK,LOW,626,0.04792332268370607,-0.012652906112607755,0.07827476038338659,0.07539925441233315,0.003194888178913738,0.0036586780742158633,0.010376374849056125,0.011144648575312648,,
NONOVERLAP5_1,FHS,RISK,MID,444,0.04954954954954955,-0.028537948866151453,0.15765765765765766,0.16407677304397653,0.024774774774774775,0.02145658201905599,0.016678713158872288,0.017607990909967897,,
NONOVERLAP5_1,FHS,RISK,HIGH,254,0.04330708661417323,0.041561460928365566,0.23228346456692914,0.2520715392408948,0.08661417322834646,0.09254998496152776,0.030835798761683388,0.03120717706757778,,
NONOVERLAP5_1,FHS,p2,0_0.01,3,,,,,,,,,0.0,0.00604043392504931
NONOVERLAP5_1,FHS,p2,0.01_0.05,146,,,,,,,,,0.0410958904109589,0.03680535365976682
NONOVERLAP5_1,FHS,p2,0.05_0.1,350,,,,,,,,,0.06571428571428571,0.07607826550864134
NONOVERLAP5_1,FHS,p2,0.1_0.2,540,,,,,,,,,0.15555555555555556,0.15047821602696002
NONOVERLAP5_1,FHS,p2,0.2_1.000001,285,,,,,,,,,0.22807017543859648,0.24841704891982253
NONOVERLAP5_1,FHS,p5,0_0.01,648,,,,,,,,,0.004629629629629629,0.0037025210023541406
NONOVERLAP5_1,FHS,p5,0.01_0.05,458,,,,,,,,,0.028384279475982533,0.02386724486758561
NONOVERLAP5_1,FHS,p5,0.05_0.1,143,,,,,,,,,0.055944055944055944,0.06873362278990533
NONOVERLAP5_1,FHS,p5,0.1_0.2,59,,,,,,,,,0.1016949152542373,0.14209353812741524
NONOVERLAP5_1,FHS,p5,0.2_1.000001,16,,,,,,,,,0.3125,0.23636828148714925
NONOVERLAP5_2,HS,RISK,LOW,655,0.015267175572519083,0.2449039554269081,0.08091603053435115,0.1577726879669744,0.0061068702290076335,0.026414376010953203,0.010515952192823277,0.018293762187545536,,
NONOVERLAP5_2,HS,RISK,MID,419,0.04295942720763723,0.15435188035795874,0.17899761336515513,0.15777793356500544,0.021479713603818614,0.026467317291558407,0.016537194957231088,0.018303110445965328,,
NONOVERLAP5_2,HS,RISK,HIGH,249,0.12048192771084337,-0.9135722185114777,0.24096385542168675,0.1606071718279101,0.08433734939759036,0.026416752301553506,0.031363655793150216,0.018589460512100482,,
NONOVERLAP5_2,HS,p2,0_0.01,0,,,,,,,,,,
NONOVERLAP5_2,HS,p2,0.01_0.05,0,,,,,,,,,,
NONOVERLAP5_2,HS,p2,0.05_0.1,0,,,,,,,,,,
NONOVERLAP5_2,HS,p2,0.1_0.2,1323,,,,,,,,,0.1421012849584278,0.15830782355801595
NONOVERLAP5_2,HS,p2,0.2_1.000001,0,,,,,,,,,,
NONOVERLAP5_2,HS,p5,0_0.01,0,,,,,,,,,,
NONOVERLAP5_2,HS,p5,0.01_0.05,1323,,,,,,,,,0.025699168556311415,0.026431589988982724
NONOVERLAP5_2,HS,p5,0.05_0.1,0,,,,,,,,,,
NONOVERLAP5_2,HS,p5,0.1_0.2,0,,,,,,,,,,
NONOVERLAP5_2,HS,p5,0.2_1.000001,0,,,,,,,,,,
NONOVERLAP5_2,FHS,RISK,LOW,655,0.05343511450381679,-0.16531540646899262,0.08091603053435115,0.07701212897106091,0.0061068702290076335,0.00380945296138575,0.010515952192823277,0.011248667685554143,,
NONOVERLAP5_2,FHS,RISK,MID,419,0.0477326968973747,0.08292807936136391,0.17899761336515513,0.16620599845052922,0.021479713603818614,0.022335545787525574,0.016537194957231088,0.01781624184001113,,
NONOVERLAP5_2,FHS,RISK,HIGH,249,0.04819277108433735,-0.03313648711053714,0.24096385542168675,0.25208430936915693,0.08433734939759036,0.09249226682401651,0.031363655793150216,0.03120846860732395,,
NONOVERLAP5_2,FHS,p2,0_0.01,2,,,,,,,,,0.0,0.009060650887573966
NONOVERLAP5_2,FHS,p2,0.01_0.05,138,,,,,,,,,0.050724637681159424,0.03613049396023491
NONOVERLAP5_2,FHS,p2,0.05_0.1,360,,,,,,,,,0.09166666666666666,0.07502680196341234
NONOVERLAP5_2,FHS,p2,0.1_0.2,534,,,,,,,,,0.14794007490636704,0.14889426869889072
NONOVERLAP5_2,FHS,p2,0.2_1.000001,289,,,,,,,,,0.23875432525951557,0.24681291764502802
NONOVERLAP5_2,FHS,p5,0_0.01,657,,,,,,,,,0.0060882800608828,0.0036847572883945065
NONOVERLAP5_2,FHS,p5,0.01_0.05,455,,,,,,,,,0.026373626373626374,0.024321190719645024
NONOVERLAP5_2,FHS,p5,0.05_0.1,136,,,,,,,,,0.058823529411764705,0.06841277797199687
NONOVERLAP5_2,FHS,p5,0.1_0.2,59,,,,,,,,,0.13559322033898305,0.14140432561912109
NONOVERLAP5_2,FHS,p5,0.2_1.000001,16,,,,,,,,,0.125,0.23439621763922497
NONOVERLAP5_3,HS,RISK,LOW,637,0.01098901098901099,0.29255739970033223,0.07692307692307693,0.1575294894386744,0.004709576138147566,0.026346910932146667,0.010180569051150796,0.018269721855956152,,
NONOVERLAP5_3,HS,RISK,MID,441,0.05442176870748299,0.011146133617285439,0.16326530612244897,0.15849161964070402,0.02040816326530612,0.026641826702025986,0.017285182280656744,0.018376482929975377,,
NONOVERLAP5_3,HS,RISK,HIGH,245,0.12653061224489795,-1.0143115532480105,0.22857142857142856,0.15999026455445,0.08979591836734693,0.026274953835286163,0.029627007754810666,0.01852142548341885,,
NONOVERLAP5_3,HS,p2,0_0.01,0,,,,,,,,,,
NONOVERLAP5_3,HS,p2,0.01_0.05,0,,,,,,,,,,
NONOVERLAP5_3,HS,p2,0.05_0.1,0,,,,,,,,,,
NONOVERLAP5_3,HS,p2,0.1_0.2,1323,,,,,,,,,0.13378684807256236,0.1583058986015316
NONOVERLAP5_3,HS,p2,0.2_1.000001,0,,,,,,,,,,
NONOVERLAP5_3,HS,p5,0_0.01,0,,,,,,,,,,
NONOVERLAP5_3,HS,p5,0.01_0.05,1323,,,,,,,,,0.025699168556311415,0.026431890800465603
NONOVERLAP5_3,HS,p5,0.05_0.1,0,,,,,,,,,,
NONOVERLAP5_3,HS,p5,0.1_0.2,0,,,,,,,,,,
NONOVERLAP5_3,HS,p5,0.2_1.000001,0,,,,,,,,,,
NONOVERLAP5_3,FHS,RISK,LOW,637,0.05180533751962323,-0.03841993262345956,0.07692307692307693,0.07597307146650763,0.004709576138147566,0.0037253637494904916,0.010180569051150796,0.011177547969436851,,
NONOVERLAP5_3,FHS,RISK,MID,441,0.06349206349206349,-0.13543093623967525,0.16326530612244897,0.1651686152221853,0.02040816326530612,0.022057280609480836,0.017285182280656744,0.017738804854574925,,
NONOVERLAP5_3,FHS,RISK,HIGH,245,0.053061224489795916,-0.04212885484928247,0.22857142857142856,0.25242031103998314,0.08979591836734693,0.09296877778002843,0.029627007754810666,0.031234369738679747,,
NONOVERLAP5_3,FHS,p2,0_0.01,2,,,,,,,,,0.0,0.008690828402366863
NONOVERLAP5_3,FHS,p2,0.01_0.05,145,,,,,,,,,0.034482758620689655,0.03628821640494475
NONOVERLAP5_3,FHS,p2,0.05_0.1,351,,,,,,,,,0.07122507122507123,0.07616260262178637
NONOVERLAP5_3,FHS,p2,0.1_0.2,537,,,,,,,,,0.14711359404096835,0.14886599024360367
NONOVERLAP5_3,FHS,p2,0.2_1.000001,288,,,,,,,,,0.2361111111111111,0.2469579816852814
NONOVERLAP5_3,FHS,p5,0_0.01,660,,,,,,,,,0.006060606060606061,0.0037924444869171315
NONOVERLAP5_3,FHS,p5,0.01_0.05,463,,,,,,,,,0.02591792656587473,0.02492816483527854
NONOVERLAP5_3,FHS,p5,0.05_0.1,123,,,,,,,,,0.032520325203252036,0.07012889958618658
NONOVERLAP5_3,FHS,p5,0.1_0.2,61,,,,,,,,,0.14754098360655737,0.1390084268767426
NONOVERLAP5_3,FHS,p5,0.2_1.000001,16,,,,,,,,,0.3125,0.2329716027894963
NONOVERLAP5_4,HS,RISK,LOW,634,0.014195583596214511,0.2942672203319361,0.0694006309148265,0.15780037959916712,0.0031545741324921135,0.026363763521793687,0.010091017536219344,0.018299131103582233,,
NONOVERLAP5_4,HS,RISK,MID,446,0.0515695067264574,0.07663855082823103,0.18834080717488788,0.15795714978248918,0.02466367713004484,0.02657056412498394,0.017309001790164456,0.01831717088246978,,
NONOVERLAP5_4,HS,RISK,HIGH,243,0.12345679012345678,-0.9313953843287865,0.24691358024691357,0.1602053612940716,0.06995884773662552,0.026338756144344926,0.03078910156133006,0.01854815837371603,,
NONOVERLAP5_4,HS,p2,0_0.01,0,,,,,,,,,,
NONOVERLAP5_4,HS,p2,0.01_0.05,0,,,,,,,,,,
NONOVERLAP5_4,HS,p2,0.05_0.1,0,,,,,,,,,,
NONOVERLAP5_4,HS,p2,0.1_0.2,1323,,,,,,,,,0.1421012849584278,0.15829496013856503
NONOVERLAP5_4,HS,p2,0.2_1.000001,0,,,,,,,,,,
NONOVERLAP5_4,HS,p5,0_0.01,0,,,,,,,,,,
NONOVERLAP5_4,HS,p5,0.01_0.05,1323,,,,,,,,,0.022675736961451247,0.026428885423761043
NONOVERLAP5_4,HS,p5,0.05_0.1,0,,,,,,,,,,
NONOVERLAP5_4,HS,p5,0.1_0.2,0,,,,,,,,,,
NONOVERLAP5_4,HS,p5,0.2_1.000001,0,,,,,,,,,,
NONOVERLAP5_4,FHS,RISK,LOW,634,0.052050473186119876,-0.06189774588456108,0.0694006309148265,0.07634170273907145,0.0031545741324921135,0.0037577448927840974,0.010091017536219344,0.011207397824558228,,
NONOVERLAP5_4,FHS,RISK,MID,446,0.04708520179372197,-0.07538784533560065,0.18834080717488788,0.16430310541789603,0.02466367713004484,0.02172160079066587,0.017309001790164456,0.01764299339807907,,
NONOVERLAP5_4,FHS,RISK,HIGH,243,0.03292181069958848,0.07698564484323972,0.24691358024691357,0.2537292479011075,0.06995884773662552,0.09448957015847737,0.03078910156133006,0.0315678302892822,,
NONOVERLAP5_4,FHS,p2,0_0.01,2,,,,,,,,,0.0,0.007766272189349112
NONOVERLAP5_4,FHS,p2,0.01_0.05,147,,,,,,,,,0.07482993197278912,0.03619679198730698
NONOVERLAP5_4,FHS,p2,0.05_0.1,349,,,,,,,,,0.07163323782234957,0.07638968372520447
NONOVERLAP5_4,FHS,p2,0.1_0.2,541,,,,,,,,,0.1534195933456562,0.1496050714367497
NONOVERLAP5_4,FHS,p2,0.2_1.000001,284,,,,,,,,,0.24295774647887325,0.2478986885881383
NONOVERLAP5_4,FHS,p5,0_0.01,645,,,,,,,,,0.004651162790697674,0.0036978587827290084
NONOVERLAP5_4,FHS,p5,0.01_0.05,470,,,,,,,,,0.02127659574468085,0.02377582406629156
NONOVERLAP5_4,FHS,p5,0.05_0.1,130,,,,,,,,,0.038461538461538464,0.06913839280585335
NONOVERLAP5_4,FHS,p5,0.1_0.2,62,,,,,,,,,0.16129032258064516,0.140520438737097
NONOVERLAP5_4,FHS,p5,0.2_1.000001,16,,,,,,,,,0.125,0.23569970441836915
