period,model,n,first,last,PINBALL,FZ0,BRIER2,BRIER5,DD_MSE,DD_MAE,var_hit_rate,ES_moment,actual_p2,pred_p2,actual_p5,pred_p5,auc2,auc5,actual_D,pred_D,fallback_fraction,max_impossible_mass,q_below_minus1,e_below_minus1
ALL,HS,6616,2000-05-01,2026-08-20,0.0030220804669822904,-2.8321514392160805,0.11943205427114088,0.023645638498318165,0.0003310110128837747,0.012905204573623883,0.044135429262394194,-0.001337858776848761,0.13830108827085852,0.1583008059774905,0.02418379685610641,0.026430858820771085,0.5205266452151526,0.43966610517348204,0.016330442739160008,0.018351655830767238,0.0,0.0,0,0
ALL,FHS,6616,2000-05-01,2026-08-20,0.0026329262374897183,-3.0563279151074894,0.11412555781659114,0.022241627058515234,0.00025039211611358413,0.010875440840826854,0.049123337363966145,-0.03271447286891548,0.13830108827085852,0.13860055999089138,0.02418379685610641,0.02647978788493236,0.6660731556059094,0.8186285044919455,0.016330442739160008,0.017117929442028123,0.0,0.0,0,0
PRE2020,HS,4949,2000-05-01,2019-12-31,0.0029668344611354343,-2.8431447812549435,0.1210063097473809,0.023523705859509275,0.0003251097958179005,0.012994392258602811,0.044655485956758945,0.010018035922734163,0.14043241058799757,0.16291017360584464,0.024045261669024046,0.02701522311468458,0.5321376749094378,0.4438584129303895,0.01627963055097598,0.01882219183590913,0.0,0.0,0,0
PRE2020,FHS,4949,2000-05-01,2019-12-31,0.00253033287703052,-3.0898072430095107,0.11471542720854126,0.021767295396840077,0.0002321909378177341,0.010557016165763293,0.04809052333804809,-0.02624094453294509,0.14043241058799757,0.1378026910226052,0.024045261669024046,0.02613739749683615,0.6768769469614717,0.8439010386763401,0.01627963055097598,0.01712267783793471,0.0,0.0,0,0
GFC,HS,756,2007-01-03,2009-12-31,0.004729411977090485,-2.193890682276551,0.1833706788712627,0.05968298548687968,0.0007833384375007549,0.017555285105941707,0.10185185185185185,-0.6637488089494678,0.23148148148148148,0.157281209130588,0.062169312169312166,0.02563383126574159,0.5187902630931891,0.48589562764456984,0.026016957866774233,0.018349515207662842,0.0,0.0,0,0
GFC,FHS,756,2007-01-03,2009-12-31,0.003565441390002244,-2.6749433664398587,0.1710254245336554,0.05058767701979246,0.00048080326389075546,0.014775989258454953,0.05026455026455026,-0.08914425970213719,0.23148148148148148,0.19976941932065082,0.062169312169312166,0.06037707010276034,0.6269486107696091,0.8470725925036762,0.026016957866774233,0.024786904268076212,0.0,0.0,0,0
2011,HS,252,2011-01-03,2011-12-30,0.0038072848713255,-2.5676424562491005,0.15750196226091998,0.0456656632785676,0.0004472030417442869,0.014885335196797026,0.0873015873015873,-0.20350466639782483,0.19444444444444445,0.16741467033705865,0.047619047619047616,0.03062004955050677,0.41414496833216047,0.36440972222222223,0.022058666701568346,0.019331158856097607,0.0,0.0,0,0
2011,FHS,252,2011-01-03,2011-12-30,0.0036267667079802985,-2.6556074232893905,0.15173464992737484,0.045830386435390134,0.00038022799528821335,0.014306714832755793,0.05952380952380952,-0.22332240879775114,0.19444444444444445,0.18300732279977694,0.047619047619047616,0.04467854907021117,0.6216447170001005,0.6598958333333333,0.022058666701568346,0.02116994420995949,0.0,0.0,0,0
2015_2016,HS,504,2015-01-02,2016-12-30,0.002400168485806308,-3.0433212906324045,0.0882341760357891,0.008204178368806112,0.00021072831257610457,0.011471941817068548,0.023809523809523808,0.216906052114829,0.09325396825396826,0.1540396749962182,0.007936507936507936,0.02612877599464956,0.48163322314819124,0.45125,0.012576569780193628,0.01792523668519942,0.0,0.0,0,0
2015_2016,FHS,504,2015-01-02,2016-12-30,0.0022599572383704197,-3.132218186032061,0.08524375873160625,0.008718375653096452,0.00018362611322924046,0.009298706680243773,0.04365079365079365,-0.10396278264779853,0.09325396825396826,0.11238629463684258,0.007936507936507936,0.014910786452547037,0.580473951301271,0.49625,0.012576569780193628,0.014205418727863836,0.0,0.0,0,0
2018Q4,HS,63,2018-10-01,2018-12-31,0.004253442743522198,-2.1977873290483965,0.3602109513567112,0.06106498326070152,0.0005555888359109265,0.018706502449926308,0.2698412698412698,-0.6632861402251671,0.47619047619047616,0.14343708975056582,0.06349206349206349,0.023592048338754352,0.47575757575757577,0.1271186440677966,0.030971872225597767,0.01689255711807031,0.0,0.0,0,0
2018Q4,FHS,63,2018-10-01,2018-12-31,0.004399016643559563,-1.8247112002977661,0.35828307730709685,0.059078553450221234,0.0005401170996682775,0.019832171973397796,0.20634920634920634,-0.9833701896929343,0.47619047619047616,0.18249295637067287,0.06349206349206349,0.04020027728694212,0.26717171717171717,0.7076271186440678,0.030971872225597767,0.020492353016218972,0.0,0.0,0,0
COVID,HS,93,2020-02-19,2020-06-30,0.011991180096416245,0.323152200156232,0.21230560856983016,0.1440117816597734,0.0023290009872739535,0.032935936470243524,0.1827956989247312,-3.1541879283052454,0.26881720430107525,0.144737124902662,0.15053763440860216,0.02473117337420473,0.17088235294117646,0.11754068716094032,0.04252734972288237,0.016928493327843786,0.0,0.0,0,0
COVID,FHS,93,2020-02-19,2020-06-30,0.009020683758155817,-0.8794654023336765,0.2067441174068196,0.13402140844568125,0.0018501167681562079,0.032218565321397774,0.11827956989247312,-1.3103301129216054,0.26881720430107525,0.26329487418893827,0.15053763440860216,0.12671144856563094,0.4582352941176471,0.5207956600361664,0.04252734972288237,0.03855698767766871,0.0,0.0,0,0
2022,HS,251,2022-01-03,2022-12-30,0.004101747263601976,-2.3842667066217627,0.23900488785220708,0.06499608935292209,0.0004992781656351033,0.016539655720556865,0.12749003984063745,-0.4447425060528908,0.30677290836653387,0.14505869076320332,0.06772908366533864,0.025028464161525054,0.4384609643230333,0.38298139768728007,0.027436971893821663,0.017013178004433565,0.0,0.0,0,0
2022,FHS,251,2022-01-03,2022-12-30,0.004122591005467275,-2.364018340534193,0.2327487125989555,0.06562008689944045,0.0004594535993300817,0.016659229774974794,0.09561752988047809,-0.3051745649596031,0.30677290836653387,0.2007685921500228,0.06772908366533864,0.04980665266134861,0.3383340797133901,0.3560834590246355,0.027436971893821663,0.022389357839577812,0.0,0.0,0,0
2023_PLUS,HS,911,2023-01-03,2026-08-20,0.0024140423137336336,-3.084957355407346,0.08416093471081067,0.00791390678892821,0.00019019222992625195,0.01048293721363644,0.015367727771679473,0.2466568558922079,0.0889132821075741,0.14472482930214187,0.007683863885839737,0.024612687301183562,0.45533244087460956,0.4088179519595449,0.012554532136261235,0.01693533202457643,0.0,0.0,0,0
2023_PLUS,FHS,911,2023-01-03,2026-08-20,0.0022562677557304974,-3.2339769409991788,0.08200706376721259,0.008014506703451958,0.00017161310420453032,0.009355122463907472,0.03951701427003293,0.09464498473100878,0.0889132821075741,0.11946296758312719,0.007683863885839737,0.015759273810952885,0.6084560464078537,0.8234829329962073,0.012554532136261235,0.014465098089184395,0.0,0.0,0,0
2024_PLUS,HS,661,2024-01-02,2026-08-20,0.002499804299057908,-3.0554518295291615,0.08108720295620299,0.009227741583763428,0.0002170893336297545,0.010958051178028493,0.018154311649016642,0.21287611609448623,0.08472012102874432,0.14376722325317773,0.009077155824508321,0.024319533811526472,0.40138724911452184,0.44580152671755724,0.012596956066575217,0.016850702326972593,0.0,0.0,0,0
2024_PLUS,FHS,661,2024-01-02,2026-08-20,0.0023448554915355777,-3.2031432410508174,0.07852006631973966,0.00947163836669877,0.00019899383737225916,0.009900595600909098,0.039334341906202726,0.06514983106357146,0.08472012102874432,0.11957203627645353,0.009077155824508321,0.016718860800474723,0.6284533648170012,0.8297709923664122,0.012596956066575217,0.01458237932184101,0.0,0.0,0,0
EX_MAJOR_SHOCKS,HS,5501,2000-05-01,2026-08-20,0.0025853699632642146,-2.9950068231791502,0.10323860153628982,0.014661136650957108,0.00022730582272323388,0.011756374741864957,0.029630976186147972,0.1647325560450425,0.1150699872750409,0.15931318428069577,0.014724595528085803,0.02664369163373714,0.5622344589095243,0.5050123001230012,0.014038256152687426,0.018440920674505878,0.0,0.0,0,0
EX_MAJOR_SHOCKS,FHS,5501,2000-05-01,2026-08-20,0.0023211079476945728,-3.183163493378311,0.09887324722981822,0.01435836913490457,0.00018168562103851245,0.009708175777824495,0.04508271223413925,0.016248033131863817,0.1150699872750409,0.12545529063474214,0.014724595528085803,0.01913241922308957,0.6575529199946518,0.8138023324677691,0.014038256152687426,0.01548062104049263,0.0,0.0,0,0
NONOVERLAP5_0,HS,1323,2000-05-05,2026-08-19,0.002892206098733763,-2.8771836369191925,0.11970314016676371,0.020067585499955746,0.0003279482534123117,0.01282638707023085,0.042328042328042326,0.04373433390479435,0.13907785336356765,0.15829695245633457,0.02040816326530612,0.026432748312049704,0.5336393480169485,0.4217249657064472,0.016414736920508093,0.018351339250746942,0.0,0.0,0,0
NONOVERLAP5_0,FHS,1323,2000-05-05,2026-08-19,0.0024602801453915677,-3.1062178140910457,0.11432748539947864,0.01849005542671807,0.0002416659208257012,0.010749420599010873,0.044595616024187455,0.01818629163742513,0.13907785336356765,0.13880547902063506,0.02040816326530612,0.0265096658996356,0.6692488643737833,0.8640832190214907,0.016414736920508093,0.017147943516939882,0.0,0.0,0,0
NONOVERLAP5_1,HS,1324,2000-05-01,2026-08-20,0.0030179134961426605,-2.832340784449171,0.11693172599644139,0.02578849792406672,0.0003345370097638816,0.012931174845117632,0.04078549848942598,-0.0011353131763150838,0.13444108761329304,0.15829839695388478,0.026435045317220542,0.026429180846906142,0.5156136635488362,0.4288152499168791,0.016414843038909378,0.018351691174121252,0.0,0.0,0,0
NONOVERLAP5_1,FHS,1324,2000-05-01,2026-08-20,0.0025956993858704674,-3.0792322696757535,0.11126883295636578,0.024040114658100586,0.0002472414734587671,0.010891210493926672,0.04758308157099698,-0.007579272996419068,0.13444108761329304,0.13903035608824274,0.026435045317220542,0.0266803255824381,0.6670711022216993,0.8300454394325613,0.016414843038909378,0.01716096748288234,0.0,0.0,0,0
NONOVERLAP5_2,HS,1323,2000-05-02,2026-08-14,0.0030286484314069875,-2.831671160897625,0.12227552953973102,0.025052060521209493,0.00031749283541592345,0.012836475543079222,0.04383975812547241,-0.0018094888395679574,0.1421012849584278,0.15830782355801595,0.025699168556311415,0.026431589988982724,0.49777861092885933,0.49503719253411216,0.016346624086072167,0.018352375795324883,0.0,0.0,0,0
NONOVERLAP5_2,FHS,1323,2000-05-02,2026-08-14,0.0026913582004012954,-3.0289947356485336,0.11734857935547449,0.02419239797114965,0.00023884374904714061,0.010738514797832931,0.050642479213907785,-0.0618183758694652,0.1421012849584278,0.13821031811015624,0.025699168556311415,0.026367618906924413,0.6563267410254007,0.8050814584949574,0.016346624086072167,0.01708525423146356,0.0,0.0,0,0
NONOVERLAP5_3,HS,1323,2000-05-03,2026-08-17,0.003147551359209387,-2.7902450451306327,0.11623646609643366,0.025086495221306522,0.000324867724410798,0.012942616007777278,0.04686318972033258,-0.043259124725191334,0.13378684807256236,0.1583058986015316,0.025699168556311415,0.026431890800465603,0.5315319312568403,0.42989321407383746,0.016149965813515715,0.01835192066349269,0.0,0.0,0,0
NONOVERLAP5_3,FHS,1323,2000-05-03,2026-08-17,0.0027525575081968415,-3.0189723120381036,0.11127454896569576,0.0234259222759978,0.0002515585697300068,0.010896852299082842,0.055933484504913075,-0.07144377127809125,0.13378684807256236,0.13838033412089565,0.025699168556311415,0.02636256085662393,0.6658803403634356,0.8016131976452334,0.016149965813515715,0.017078859851379708,0.0,0.0,0,0
NONOVERLAP5_4,HS,1323,2000-05-04,2026-08-18,0.0030240860990564783,-2.829316425565693,0.12201529944921037,0.02223193362782957,0.00035020657626336606,0.012989349772079592,0.04686318972033258,-0.004219854143655834,0.1421012849584278,0.15829496013856503,0.022675736961451247,0.026428885423761043,0.5246344549629769,0.4167182263469966,0.016325980042161462,0.018350952243435865,0.0,0.0,0,0
NONOVERLAP5_4,FHS,1323,2000-05-04,2026-08-18,0.002664764085798258,-3.048205131646694,0.11641050168399115,0.021058285559552192,0.00027265324894444165,0.011101194094664094,0.04686318972033258,-0.04093623447738654,0.1421012849584278,0.13857598774975213,0.022675736961451247,0.026478616601037112,0.6714499953135251,0.7982985305491106,0.016325980042161462,0.017116589596832016,0.0,0.0,0,0
