symbol,challenger,baseline,period,block,loss,point_improvement,ci_low,ci_high,simultaneous_lower95,family_size,evidence
QQQ,HAR,GARCH,ALL,21,MSE,0.10786652944592157,-0.008915441225008168,0.23501723170580802,-0.03704512224425896,5,EXPOSED_HISTORY
QQQ,HAR,ROLLING22,ALL,21,MSE,0.229862607145905,0.09951471538179493,0.3777929365643135,0.06366213700044623,5,EXPOSED_HISTORY
QQQ,HAR,EWMA,ALL,21,MSE,0.13262218659916614,0.03993125834777044,0.2195821652870319,0.024682469155481626,5,EXPOSED_HISTORY
QQQ,HAR,CURRENT,ALL,21,MSE,0.6141394332633652,0.36809471033494146,0.7480285628582822,0.37482137375224167,5,EXPOSED_HISTORY
QQQ,HAR,HIST_MEAN,ALL,21,MSE,0.5578648270658486,0.40753146628804143,0.727507556617038,0.3702922231266158,5,EXPOSED_HISTORY
QQQ,HAR,GARCH,ALL,21,QLIKE,0.10888659724113692,0.06885208529591808,0.1575311707662281,0.056503990113197074,5,EXPOSED_HISTORY
QQQ,HAR,ROLLING22,ALL,21,QLIKE,0.21192284638693082,0.1667934933661973,0.26059200819425016,0.15305539556088488,5,EXPOSED_HISTORY
QQQ,HAR,EWMA,ALL,21,QLIKE,0.1658840230765809,0.11895129626148146,0.21163554159182876,0.11025102785133686,5,EXPOSED_HISTORY
QQQ,HAR,CURRENT,ALL,21,QLIKE,0.6538631671703401,0.6139036381492294,0.6909319378011637,0.6073377219198967,5,EXPOSED_HISTORY
QQQ,HAR,HIST_MEAN,ALL,21,QLIKE,0.6953090934933477,0.5733237540999907,0.7741541092014227,0.5709837438803412,5,EXPOSED_HISTORY
QQQ,HAR,GARCH,ALL,42,MSE,0.10786652944592157,-0.019040972754844974,0.23599112903825015,-0.042295314162248576,5,EXPOSED_HISTORY
QQQ,HAR,ROLLING22,ALL,42,MSE,0.229862607145905,0.09332585413930757,0.3668981487031615,0.06900605800444151,5,EXPOSED_HISTORY
QQQ,HAR,EWMA,ALL,42,MSE,0.13262218659916614,0.030179000144981358,0.22244838465955866,0.01968082467661228,5,EXPOSED_HISTORY
QQQ,HAR,CURRENT,ALL,42,MSE,0.6141394332633652,0.3886545505561391,0.7373352879096974,0.3936621564977104,5,EXPOSED_HISTORY
QQQ,HAR,HIST_MEAN,ALL,42,MSE,0.5578648270658486,0.40289586121763643,0.7540165097184043,0.35090867087846084,5,EXPOSED_HISTORY
QQQ,HAR,GARCH,ALL,42,QLIKE,0.10888659724113692,0.06641135071002124,0.16149026355484325,0.05402425054605607,5,EXPOSED_HISTORY
QQQ,HAR,ROLLING22,ALL,42,QLIKE,0.21192284638693082,0.16724570863776972,0.26219499131324087,0.15625516436875692,5,EXPOSED_HISTORY
QQQ,HAR,EWMA,ALL,42,QLIKE,0.1658840230765809,0.11925434037787647,0.21250873489862307,0.11143595172780159,5,EXPOSED_HISTORY
QQQ,HAR,CURRENT,ALL,42,QLIKE,0.6538631671703401,0.6183381606565858,0.6905441094544499,0.6118274807736739,5,EXPOSED_HISTORY
QQQ,HAR,HIST_MEAN,ALL,42,QLIKE,0.6953090934933477,0.5726160329237792,0.7767514877746283,0.5682918925210115,5,EXPOSED_HISTORY
QQQ,HAR,GARCH,2023_PLUS,21,MSE,0.21358846362400807,-0.21806407282409115,0.48151065641838103,-0.21815207163028122,5,EXPOSED_HISTORY
QQQ,HAR,ROLLING22,2023_PLUS,21,MSE,0.16875163126518733,0.037805142940311016,0.44232194299955213,-0.07563522614374252,5,EXPOSED_HISTORY
QQQ,HAR,EWMA,2023_PLUS,21,MSE,0.10391299762014372,-0.021222099370104698,0.2230595019072589,-0.034100104702756456,5,EXPOSED_HISTORY
QQQ,HAR,CURRENT,2023_PLUS,21,MSE,0.5108489806217354,0.309706956911522,0.7109733235511189,0.2728194644829522,5,EXPOSED_HISTORY
QQQ,HAR,HIST_MEAN,2023_PLUS,21,MSE,0.4020248754131258,0.21673245604146968,0.777537919844764,0.04184434673403642,5,EXPOSED_HISTORY
QQQ,HAR,GARCH,2023_PLUS,21,QLIKE,0.023661112676363838,-0.08491137363127632,0.11116892953631914,-0.1047836968361186,5,EXPOSED_HISTORY
QQQ,HAR,ROLLING22,2023_PLUS,21,QLIKE,0.20063173471329732,0.056335471123901894,0.3125283467244297,0.030993848456981082,5,EXPOSED_HISTORY
QQQ,HAR,EWMA,2023_PLUS,21,QLIKE,0.1896629627591243,0.0429150957199728,0.28654495515969314,0.02950908014123743,5,EXPOSED_HISTORY
QQQ,HAR,CURRENT,2023_PLUS,21,QLIKE,0.7003694716740052,0.6261719742337791,0.7622636260955262,0.6148211980743108,5,EXPOSED_HISTORY
QQQ,HAR,HIST_MEAN,2023_PLUS,21,QLIKE,0.5928261911106871,0.47001313165322356,0.6878554693891955,0.4496270459220617,5,EXPOSED_HISTORY
QQQ,HAR,GARCH,2023_PLUS,42,MSE,0.21358846362400807,-0.22921081868843626,0.4223053274186223,-0.2534407326235875,5,EXPOSED_HISTORY
QQQ,HAR,ROLLING22,2023_PLUS,42,MSE,0.16875163126518733,-0.004939557172334185,0.3601575506630246,-0.04154367660791827,5,EXPOSED_HISTORY
QQQ,HAR,EWMA,2023_PLUS,42,MSE,0.10391299762014372,-0.06962171991521794,0.2150005154433196,-0.05343239695291674,5,EXPOSED_HISTORY
QQQ,HAR,CURRENT,2023_PLUS,42,MSE,0.5108489806217354,0.3487526752404388,0.6894081433924519,0.29506666276064136,5,EXPOSED_HISTORY
QQQ,HAR,HIST_MEAN,2023_PLUS,42,MSE,0.4020248754131258,0.19509600578328845,0.8175773472490373,-0.015658106831519747,5,EXPOSED_HISTORY
QQQ,HAR,GARCH,2023_PLUS,42,QLIKE,0.023661112676363838,-0.09397198796562851,0.11641434097389738,-0.11992370409965133,5,EXPOSED_HISTORY
QQQ,HAR,ROLLING22,2023_PLUS,42,QLIKE,0.20063173471329732,0.03161109114913968,0.31438623663160326,0.007417349916477772,5,EXPOSED_HISTORY
QQQ,HAR,EWMA,2023_PLUS,42,QLIKE,0.1896629627591243,0.021895893179960865,0.2964537710439115,0.008024190204908549,5,EXPOSED_HISTORY
QQQ,HAR,CURRENT,2023_PLUS,42,QLIKE,0.7003694716740052,0.6282348107297024,0.7631130530328728,0.6087080893313673,5,EXPOSED_HISTORY
QQQ,HAR,HIST_MEAN,2023_PLUS,42,QLIKE,0.5928261911106871,0.45914229460788436,0.7053397863978688,0.4261346597716037,5,EXPOSED_HISTORY
QQQ,HAR,GARCH,COMMON_ALL,21,MSE,0.10786652944592157,-0.008915441225008168,0.23501723170580802,-0.03704512224425896,5,EXPOSED_HISTORY
QQQ,HAR,ROLLING22,COMMON_ALL,21,MSE,0.229862607145905,0.09951471538179493,0.3777929365643135,0.06366213700044623,5,EXPOSED_HISTORY
QQQ,HAR,EWMA,COMMON_ALL,21,MSE,0.13262218659916614,0.03993125834777044,0.2195821652870319,0.024682469155481626,5,EXPOSED_HISTORY
QQQ,HAR,CURRENT,COMMON_ALL,21,MSE,0.6141394332633652,0.36809471033494146,0.7480285628582822,0.37482137375224167,5,EXPOSED_HISTORY
QQQ,HAR,HIST_MEAN,COMMON_ALL,21,MSE,0.5578648270658486,0.40753146628804143,0.727507556617038,0.3702922231266158,5,EXPOSED_HISTORY
QQQ,HAR,GARCH,COMMON_ALL,21,QLIKE,0.10888659724113692,0.06885208529591808,0.1575311707662281,0.056503990113197074,5,EXPOSED_HISTORY
QQQ,HAR,ROLLING22,COMMON_ALL,21,QLIKE,0.21192284638693082,0.1667934933661973,0.26059200819425016,0.15305539556088488,5,EXPOSED_HISTORY
QQQ,HAR,EWMA,COMMON_ALL,21,QLIKE,0.1658840230765809,0.11895129626148146,0.21163554159182876,0.11025102785133686,5,EXPOSED_HISTORY
QQQ,HAR,CURRENT,COMMON_ALL,21,QLIKE,0.6538631671703401,0.6139036381492294,0.6909319378011637,0.6073377219198967,5,EXPOSED_HISTORY
QQQ,HAR,HIST_MEAN,COMMON_ALL,21,QLIKE,0.6953090934933477,0.5733237540999907,0.7741541092014227,0.5709837438803412,5,EXPOSED_HISTORY
QQQ,HAR,GARCH,COMMON_ALL,42,MSE,0.10786652944592157,-0.019040972754844974,0.23599112903825015,-0.042295314162248576,5,EXPOSED_HISTORY
QQQ,HAR,ROLLING22,COMMON_ALL,42,MSE,0.229862607145905,0.09332585413930757,0.3668981487031615,0.06900605800444151,5,EXPOSED_HISTORY
QQQ,HAR,EWMA,COMMON_ALL,42,MSE,0.13262218659916614,0.030179000144981358,0.22244838465955866,0.01968082467661228,5,EXPOSED_HISTORY
QQQ,HAR,CURRENT,COMMON_ALL,42,MSE,0.6141394332633652,0.3886545505561391,0.7373352879096974,0.3936621564977104,5,EXPOSED_HISTORY
QQQ,HAR,HIST_MEAN,COMMON_ALL,42,MSE,0.5578648270658486,0.40289586121763643,0.7540165097184043,0.35090867087846084,5,EXPOSED_HISTORY
QQQ,HAR,GARCH,COMMON_ALL,42,QLIKE,0.10888659724113692,0.06641135071002124,0.16149026355484325,0.05402425054605607,5,EXPOSED_HISTORY
QQQ,HAR,ROLLING22,COMMON_ALL,42,QLIKE,0.21192284638693082,0.16724570863776972,0.26219499131324087,0.15625516436875692,5,EXPOSED_HISTORY
QQQ,HAR,EWMA,COMMON_ALL,42,QLIKE,0.1658840230765809,0.11925434037787647,0.21250873489862307,0.11143595172780159,5,EXPOSED_HISTORY
QQQ,HAR,CURRENT,COMMON_ALL,42,QLIKE,0.6538631671703401,0.6183381606565858,0.6905441094544499,0.6118274807736739,5,EXPOSED_HISTORY
QQQ,HAR,HIST_MEAN,COMMON_ALL,42,QLIKE,0.6953090934933477,0.5726160329237792,0.7767514877746283,0.5682918925210115,5,EXPOSED_HISTORY
QQQ,HAR,GARCH,EX_COVID,21,MSE,0.05677273705217423,-0.06184147028631112,0.20920244809713937,-0.10883056456175721,5,EXPOSED_HISTORY
QQQ,HAR,ROLLING22,EX_COVID,21,MSE,0.15365498923921594,0.04884750714249851,0.3097206925409296,-0.004235704053955985,5,EXPOSED_HISTORY
QQQ,HAR,EWMA,EX_COVID,21,MSE,0.07504194874173042,-0.004670128985196885,0.18690529425646618,-0.039702986809212054,5,EXPOSED_HISTORY
QQQ,HAR,CURRENT,EX_COVID,21,MSE,0.6769609816957578,0.46180397717595095,0.7763796170416736,0.4732038385616518,5,EXPOSED_HISTORY
QQQ,HAR,HIST_MEAN,EX_COVID,21,MSE,0.6127523184886986,0.42958773571928116,0.7844214111585839,0.39232035789179975,5,EXPOSED_HISTORY
QQQ,HAR,GARCH,EX_COVID,21,QLIKE,0.10002982471778021,0.05950102293203001,0.14520029305564086,0.04793675689824577,5,EXPOSED_HISTORY
QQQ,HAR,ROLLING22,EX_COVID,21,QLIKE,0.19929339804570223,0.156564252648107,0.249558471905559,0.14312088496567502,5,EXPOSED_HISTORY
QQQ,HAR,EWMA,EX_COVID,21,QLIKE,0.14623534603296373,0.1046144081143662,0.1880622907412544,0.09623141471564092,5,EXPOSED_HISTORY
QQQ,HAR,CURRENT,EX_COVID,21,QLIKE,0.6612974449669632,0.6244499844615519,0.6979849347620407,0.6166664775932903,5,EXPOSED_HISTORY
QQQ,HAR,HIST_MEAN,EX_COVID,21,QLIKE,0.695333927636185,0.5674140439497805,0.7750076951350982,0.5680634084303615,5,EXPOSED_HISTORY
QQQ,HAR,GARCH,EX_COVID,42,MSE,0.05677273705217423,-0.06308991158863081,0.21610579298751195,-0.10573740142241086,5,EXPOSED_HISTORY
QQQ,HAR,ROLLING22,EX_COVID,42,MSE,0.15365498923921594,0.05727955902647822,0.2958918547158196,0.016401252645756176,5,EXPOSED_HISTORY
QQQ,HAR,EWMA,EX_COVID,42,MSE,0.07504194874173042,0.004422123575104808,0.18318990263679288,-0.031136936977357144,5,EXPOSED_HISTORY
QQQ,HAR,CURRENT,EX_COVID,42,MSE,0.6769609816957578,0.4905343323911159,0.7631512613404601,0.5019409067677878,5,EXPOSED_HISTORY
QQQ,HAR,HIST_MEAN,EX_COVID,42,MSE,0.6127523184886986,0.42264808023087724,0.797949275633016,0.3880322951381076,5,EXPOSED_HISTORY
QQQ,HAR,GARCH,EX_COVID,42,QLIKE,0.10002982471778021,0.057935729936552376,0.15144898832445122,0.04341865048726122,5,EXPOSED_HISTORY
QQQ,HAR,ROLLING22,EX_COVID,42,QLIKE,0.19929339804570223,0.15682210958570844,0.247143429307363,0.14417792543590752,5,EXPOSED_HISTORY
QQQ,HAR,EWMA,EX_COVID,42,QLIKE,0.14623534603296373,0.10475590634604415,0.18824520947737886,0.09692411201146886,5,EXPOSED_HISTORY
QQQ,HAR,CURRENT,EX_COVID,42,QLIKE,0.6612974449669632,0.6254925961753938,0.6987423658620426,0.6176997633019924,5,EXPOSED_HISTORY
QQQ,HAR,HIST_MEAN,EX_COVID,42,QLIKE,0.695333927636185,0.566219007470489,0.7806864434230465,0.5641447181866035,5,EXPOSED_HISTORY
SPY,HAR,GARCH,ALL,21,MSE,0.10886450894051247,0.01800311737221416,0.2917604219708419,-0.028570578435697408,5,EXPOSED_HISTORY
SPY,HAR,ROLLING22,ALL,21,MSE,0.2604086638425379,0.12598184141362415,0.4776804223935221,0.08473051078631791,5,EXPOSED_HISTORY
SPY,HAR,EWMA,ALL,21,MSE,0.1766792689522445,0.11263598046321131,0.3088684495519477,0.08079050824778443,5,EXPOSED_HISTORY
SPY,HAR,CURRENT,ALL,21,MSE,0.5278291111105828,0.34980710486559985,0.7008863983866273,0.35437911885255885,5,EXPOSED_HISTORY
SPY,HAR,HIST_MEAN,ALL,21,MSE,0.46097650331029505,0.3514226182710011,0.5770484840725068,0.34933769563242684,5,EXPOSED_HISTORY
SPY,HAR,GARCH,ALL,21,QLIKE,0.12091874710171802,0.08060787848514171,0.1574411962912728,0.07299490978716211,5,EXPOSED_HISTORY
SPY,HAR,ROLLING22,ALL,21,QLIKE,0.2451263705425245,0.20580916252310597,0.27798831214682607,0.19997367557684423,5,EXPOSED_HISTORY
SPY,HAR,EWMA,ALL,21,QLIKE,0.17222863587866488,0.1310433150831497,0.21003164255264303,0.12317053567833056,5,EXPOSED_HISTORY
SPY,HAR,CURRENT,ALL,21,QLIKE,0.646630785390492,0.616435524906105,0.6759978235744168,0.6091025669751496,5,EXPOSED_HISTORY
SPY,HAR,HIST_MEAN,ALL,21,QLIKE,0.6779666051571219,0.5982384029475027,0.7440795789719072,0.5856684077627756,5,EXPOSED_HISTORY
SPY,HAR,GARCH,ALL,42,MSE,0.10886450894051247,0.023694757671736556,0.29596183545752897,-0.019114903646301473,5,EXPOSED_HISTORY
SPY,HAR,ROLLING22,ALL,42,MSE,0.2604086638425379,0.12539607875140754,0.4369905009963033,0.10447704875474495,5,EXPOSED_HISTORY
SPY,HAR,EWMA,ALL,42,MSE,0.1766792689522445,0.09983039646373944,0.3110381250899975,0.07789893188521106,5,EXPOSED_HISTORY
SPY,HAR,CURRENT,ALL,42,MSE,0.5278291111105828,0.3862146291646757,0.6956324724177493,0.37523562291975765,5,EXPOSED_HISTORY
SPY,HAR,HIST_MEAN,ALL,42,MSE,0.46097650331029505,0.3353848985103724,0.5820836517355434,0.3350015347662025,5,EXPOSED_HISTORY
SPY,HAR,GARCH,ALL,42,QLIKE,0.12091874710171802,0.08241244702856067,0.15891429208676114,0.07303904090472502,5,EXPOSED_HISTORY
SPY,HAR,ROLLING22,ALL,42,QLIKE,0.2451263705425245,0.20378051158000102,0.27653469461734836,0.19970158383979214,5,EXPOSED_HISTORY
SPY,HAR,EWMA,ALL,42,QLIKE,0.17222863587866488,0.13037372604650774,0.20681719317706176,0.12364133898060861,5,EXPOSED_HISTORY
SPY,HAR,CURRENT,ALL,42,QLIKE,0.646630785390492,0.614496108047719,0.6781194849849963,0.6074181030993374,5,EXPOSED_HISTORY
SPY,HAR,HIST_MEAN,ALL,42,QLIKE,0.6779666051571219,0.582480089165745,0.7542252711671303,0.5706639555223845,5,EXPOSED_HISTORY
SPY,HAR,GARCH,2023_PLUS,21,MSE,0.32477636616579675,-0.10156562809214092,0.7037173717655486,-0.1069791570745044,5,EXPOSED_HISTORY
SPY,HAR,ROLLING22,2023_PLUS,21,MSE,0.20968327439456058,0.05529854101338951,0.6314520964103196,-0.10946087280942168,5,EXPOSED_HISTORY
SPY,HAR,EWMA,2023_PLUS,21,MSE,0.1448947223829946,0.047065164897100824,0.41476280863306464,-0.036145955555798304,5,EXPOSED_HISTORY
SPY,HAR,CURRENT,2023_PLUS,21,MSE,0.46420295807585243,0.18373985069952528,0.7253721296627054,0.1976164946186686,5,EXPOSED_HISTORY
SPY,HAR,HIST_MEAN,2023_PLUS,21,MSE,0.2629230428912014,0.16606623999807058,0.69215969840222,-0.020610219303107913,5,EXPOSED_HISTORY
SPY,HAR,GARCH,2023_PLUS,21,QLIKE,0.0594708431466352,-0.05407004412454908,0.15070151109810348,-0.07441666244221509,5,EXPOSED_HISTORY
SPY,HAR,ROLLING22,2023_PLUS,21,QLIKE,0.22728003613503112,0.11284693798428425,0.3282218776357415,0.08179839732918309,5,EXPOSED_HISTORY
SPY,HAR,EWMA,2023_PLUS,21,QLIKE,0.2035099475825347,0.07739752439085999,0.29136455457272215,0.059407019881778156,5,EXPOSED_HISTORY
SPY,HAR,CURRENT,2023_PLUS,21,QLIKE,0.6705032154602714,0.5884215010160866,0.7382767629037646,0.5703176555351642,5,EXPOSED_HISTORY
SPY,HAR,HIST_MEAN,2023_PLUS,21,QLIKE,0.5170336447572185,0.3941653583503104,0.6112742296440028,0.37524567767217276,5,EXPOSED_HISTORY
SPY,HAR,GARCH,2023_PLUS,42,MSE,0.32477636616579675,-0.12695575044576085,0.6364683864462529,-0.1283664327325646,5,EXPOSED_HISTORY
SPY,HAR,ROLLING22,2023_PLUS,42,MSE,0.20968327439456058,0.03626873392177671,0.5600174451100945,-0.07183715934245416,5,EXPOSED_HISTORY
SPY,HAR,EWMA,2023_PLUS,42,MSE,0.1448947223829946,-0.008295313342749895,0.39431426324922464,-0.05335178887496983,5,EXPOSED_HISTORY
SPY,HAR,CURRENT,2023_PLUS,42,MSE,0.46420295807585243,0.25271673154361174,0.6998053326269023,0.216895746287824,5,EXPOSED_HISTORY
SPY,HAR,HIST_MEAN,2023_PLUS,42,MSE,0.2629230428912014,0.16232290294119228,0.7448919986510008,-0.09955066748574865,5,EXPOSED_HISTORY
SPY,HAR,GARCH,2023_PLUS,42,QLIKE,0.0594708431466352,-0.06584959685838068,0.15486868180776855,-0.08929771347853968,5,EXPOSED_HISTORY
SPY,HAR,ROLLING22,2023_PLUS,42,QLIKE,0.22728003613503112,0.103148428203554,0.3265380819411384,0.07759498032025447,5,EXPOSED_HISTORY
SPY,HAR,EWMA,2023_PLUS,42,QLIKE,0.2035099475825347,0.05828521432732837,0.2991859050475133,0.04335724573192953,5,EXPOSED_HISTORY
SPY,HAR,CURRENT,2023_PLUS,42,QLIKE,0.6705032154602714,0.5873481294560579,0.7427052502248594,0.5650823763016303,5,EXPOSED_HISTORY
SPY,HAR,HIST_MEAN,2023_PLUS,42,QLIKE,0.5170336447572185,0.3956311286469458,0.6204795661087039,0.3664324105140915,5,EXPOSED_HISTORY
SPY,HAR,GARCH,COMMON_ALL,21,MSE,0.10836157791416723,0.006856274453220286,0.29987381029400645,-0.048734527991376786,5,EXPOSED_HISTORY
SPY,HAR,ROLLING22,COMMON_ALL,21,MSE,0.2650815235226289,0.1180497536545919,0.4906975412345909,0.07116240108411123,5,EXPOSED_HISTORY
SPY,HAR,EWMA,COMMON_ALL,21,MSE,0.18025242422226362,0.10878537544370372,0.31974422971707794,0.07084170902930002,5,EXPOSED_HISTORY
SPY,HAR,CURRENT,COMMON_ALL,21,MSE,0.5192247229737432,0.3129021103383157,0.7066100891202497,0.3158294058630707,5,EXPOSED_HISTORY
SPY,HAR,HIST_MEAN,COMMON_ALL,21,MSE,0.46115129633200613,0.33809053642619746,0.5810758098258747,0.33239649232265456,5,EXPOSED_HISTORY
SPY,HAR,GARCH,COMMON_ALL,21,QLIKE,0.11075348735517143,0.06619941155392305,0.1505650062137611,0.05538754477913309,5,EXPOSED_HISTORY
SPY,HAR,ROLLING22,COMMON_ALL,21,QLIKE,0.26463185995821303,0.2215769266940107,0.2971240058571509,0.21640723062218908,5,EXPOSED_HISTORY
SPY,HAR,EWMA,COMMON_ALL,21,QLIKE,0.19415148762813417,0.15225478228305936,0.23138806346691457,0.1423640639292245,5,EXPOSED_HISTORY
SPY,HAR,CURRENT,COMMON_ALL,21,QLIKE,0.6392356912596665,0.6031298170226679,0.6739285283436208,0.5928428352461046,5,EXPOSED_HISTORY
SPY,HAR,HIST_MEAN,COMMON_ALL,21,QLIKE,0.6729702556783688,0.5681985410826739,0.7497810219899309,0.5532328566564,5,EXPOSED_HISTORY
SPY,HAR,GARCH,COMMON_ALL,42,MSE,0.10836157791416723,0.02141893324685044,0.2973084690756582,-0.02961947071377924,5,EXPOSED_HISTORY
SPY,HAR,ROLLING22,COMMON_ALL,42,MSE,0.2650815235226289,0.11992204268356711,0.4576354792659378,0.09820327128033657,5,EXPOSED_HISTORY
SPY,HAR,EWMA,COMMON_ALL,42,MSE,0.18025242422226362,0.09794090636045134,0.31766648995662805,0.07242228756746967,5,EXPOSED_HISTORY
SPY,HAR,CURRENT,COMMON_ALL,42,MSE,0.5192247229737432,0.37248721201345103,0.7014776786936636,0.3502511341874684,5,EXPOSED_HISTORY
SPY,HAR,HIST_MEAN,COMMON_ALL,42,MSE,0.46115129633200613,0.3229193105602215,0.5883787338963523,0.32336063546613497,5,EXPOSED_HISTORY
SPY,HAR,GARCH,COMMON_ALL,42,QLIKE,0.11075348735517143,0.06250786258967515,0.15469500904200925,0.0517712036955749,5,EXPOSED_HISTORY
SPY,HAR,ROLLING22,COMMON_ALL,42,QLIKE,0.26463185995821303,0.2239575055380847,0.2977653045714999,0.21813321653183687,5,EXPOSED_HISTORY
SPY,HAR,EWMA,COMMON_ALL,42,QLIKE,0.19415148762813417,0.15254695884666164,0.23269812110810706,0.1429720292352048,5,EXPOSED_HISTORY
SPY,HAR,CURRENT,COMMON_ALL,42,QLIKE,0.6392356912596665,0.6049016328636491,0.6722463798718777,0.5954206044774168,5,EXPOSED_HISTORY
SPY,HAR,HIST_MEAN,COMMON_ALL,42,QLIKE,0.6729702556783688,0.556406421319637,0.7606084604991727,0.5411300819762213,5,EXPOSED_HISTORY
SPY,HAR,GARCH,EX_COVID,21,MSE,0.12910676737726823,0.024921678487571028,0.2893346981925216,-0.025255535741431467,5,EXPOSED_HISTORY
SPY,HAR,ROLLING22,EX_COVID,21,MSE,0.18463419342540044,0.07719533824490733,0.333481433269268,0.03099069335049237,5,EXPOSED_HISTORY
SPY,HAR,EWMA,EX_COVID,21,MSE,0.1317401431494274,0.07384039535735054,0.2358708146742326,0.039575929369925614,5,EXPOSED_HISTORY
SPY,HAR,CURRENT,EX_COVID,21,MSE,0.6015692164300263,0.4747136258452223,0.7164420798699422,0.4549259800898846,5,EXPOSED_HISTORY
SPY,HAR,HIST_MEAN,EX_COVID,21,MSE,0.5158569366524798,0.34909791005431673,0.6098462456337043,0.36431812005529945,5,EXPOSED_HISTORY
SPY,HAR,GARCH,EX_COVID,21,QLIKE,0.12243227117895827,0.07809171101792789,0.16106570838365017,0.07173904224423566,5,EXPOSED_HISTORY
SPY,HAR,ROLLING22,EX_COVID,21,QLIKE,0.2391123862300525,0.19930388405121968,0.27164671265298834,0.1932917582527242,5,EXPOSED_HISTORY
SPY,HAR,EWMA,EX_COVID,21,QLIKE,0.15864993993233412,0.11819680883282216,0.19256319241324127,0.11128840531500692,5,EXPOSED_HISTORY
SPY,HAR,CURRENT,EX_COVID,21,QLIKE,0.6532144522210912,0.623709260369884,0.680824872692631,0.616879263839383,5,EXPOSED_HISTORY
SPY,HAR,HIST_MEAN,EX_COVID,21,QLIKE,0.6591684388252219,0.5756846408290955,0.7304256028293103,0.5603883915367969,5,EXPOSED_HISTORY
SPY,HAR,GARCH,EX_COVID,42,MSE,0.12910676737726823,0.03132796350327266,0.30916005379906064,-0.03931742150285325,5,EXPOSED_HISTORY
SPY,HAR,ROLLING22,EX_COVID,42,MSE,0.18463419342540044,0.08990037218114744,0.3150541953450291,0.04921472505483293,5,EXPOSED_HISTORY
SPY,HAR,EWMA,EX_COVID,42,MSE,0.1317401431494274,0.07502170222426424,0.24537798727413662,0.02798096665526692,5,EXPOSED_HISTORY
SPY,HAR,CURRENT,EX_COVID,42,MSE,0.6015692164300263,0.4832509930861065,0.7098897391495169,0.46157531093434867,5,EXPOSED_HISTORY
SPY,HAR,HIST_MEAN,EX_COVID,42,MSE,0.5158569366524798,0.3201989007468667,0.609668050773346,0.34011732079127877,5,EXPOSED_HISTORY
SPY,HAR,GARCH,EX_COVID,42,QLIKE,0.12243227117895827,0.08101498927233362,0.16111630140058866,0.07114856894374746,5,EXPOSED_HISTORY
SPY,HAR,ROLLING22,EX_COVID,42,QLIKE,0.2391123862300525,0.19830207942990136,0.2737992047744851,0.1919308121827495,5,EXPOSED_HISTORY
SPY,HAR,EWMA,EX_COVID,42,QLIKE,0.15864993993233412,0.11750759046107817,0.1947299966196673,0.11119297970753454,5,EXPOSED_HISTORY
SPY,HAR,CURRENT,EX_COVID,42,QLIKE,0.6532144522210912,0.6230484640463967,0.6816859470001323,0.616349865837821,5,EXPOSED_HISTORY
SPY,HAR,HIST_MEAN,EX_COVID,42,QLIKE,0.6591684388252219,0.5581566741935876,0.7387224305320785,0.5448890931299761,5,EXPOSED_HISTORY
