period,block,contrast,family,point,valid_fraction,ci_low,ci_high,sim_low,sim_high,candidate,reference,score,n,fractional_gain
ALL,21,FHS|HS|PINBALL,FHS_VALUE,0.00035144819912102433,1.0,0.00013157829641783223,0.0006032378028732992,6.603307369293219e-05,0.0006368633245491164,FHS,HS,PINBALL,5087,0.10070434349360426
ALL,21,FHS|HS|FZ0,FHS_VALUE,0.16629987385628117,1.0,0.07328044528571151,0.2639950981256824,0.05200200692558865,0.2805977407869737,FHS,HS,FZ0,5087,
ALL,21,FHS|HS|BRIER2,FHS_VALUE,0.00509186110065911,1.0,0.0024505101508231113,0.007707869742651022,0.0019076345669948708,0.008276087634323349,FHS,HS,BRIER2,5087,0.035884408259374875
ALL,21,FHS|HS|BRIER5,FHS_VALUE,0.001559446011610145,1.0,0.00012689644760770097,0.003309891064118455,-0.00037726472486757697,0.003496156748087867,FHS,HS,BRIER5,5087,0.04554248474279942
ALL,21,FHS|HS|DD_MSE,FHS_VALUE,7.984172591250019e-05,1.0,3.900274896530394e-05,0.0001342944542269831,2.288218237390501e-05,0.00013680126945109537,FHS,HS,DD_MSE,5087,0.19273238864813652
PRE2020,21,FHS|HS|PINBALL,FHS_VALUE,0.0004344945875527839,1.0,0.0001661443918526636,0.0007731844799445746,7.371722007237092e-05,0.0007952719550331968,FHS,HS,PINBALL,3420,0.12883937367368983
PRE2020,21,FHS|HS|FZ0,FHS_VALUE,0.2040782629638608,1.0,0.07825539527355167,0.3372820544622327,0.05113827165804713,0.3570182542696745,FHS,HS,FZ0,3420,
PRE2020,21,FHS|HS|BRIER2,FHS_VALUE,0.006274124861912329,1.0,0.002848198268485189,0.009897772928799418,0.002014224490136507,0.010534025233688151,FHS,HS,BRIER2,3420,0.04678878533496559
PRE2020,21,FHS|HS|BRIER5,FHS_VALUE,0.0022396285227264793,1.0,0.0004461398753660412,0.004768217453944191,-0.0004039928796133285,0.004883249925066287,FHS,HS,BRIER5,3420,0.07094985674092295
PRE2020,21,FHS|HS|DD_MSE,FHS_VALUE,9.408171293079702e-05,1.0,4.084301249498137e-05,0.00016812170574795045,1.581839115418023e-05,0.00017234503470741383,FHS,HS,DD_MSE,3420,0.23931229811521024
GFC,21,FHS|HS|PINBALL,FHS_VALUE,0.0007518501125188443,1.0,-0.0002957054012684922,0.002151833470035477,-0.0006792761871113633,0.002182976412149052,FHS,HS,PINBALL,756,0.15804495125371323
GFC,21,FHS|HS|FZ0,FHS_VALUE,0.2530230390478219,1.0,-0.15468273381036007,0.762502615975241,-0.2864366586817068,0.7924827367773506,FHS,HS,FZ0,756,
GFC,21,FHS|HS|BRIER2,FHS_VALUE,0.008675279544271835,1.0,-0.0014791777626650506,0.02057501716860762,-0.004191199846535428,0.0215417589350791,FHS,HS,BRIER2,756,0.04800991060628716
GFC,21,FHS|HS|BRIER5,FHS_VALUE,0.0067877280564017425,1.0,-0.0010065579956356982,0.017857712531068746,-0.0042716572625031615,0.017847113375306645,FHS,HS,BRIER5,756,0.09289569519497932
GFC,21,FHS|HS|DD_MSE,FHS_VALUE,0.00023875480257144578,1.0,2.1684367734466245e-05,0.0005535091728365856,-8.455885643523508e-05,0.0005620684615781266,FHS,HS,DD_MSE,756,0.316072342796263
2011,21,FHS|HS|PINBALL,FHS_VALUE,0.0001648907508639073,1.0,-0.00023641872089241018,0.0005470209090146901,-0.00033157294415261506,0.0006613544458804296,FHS,HS,PINBALL,252,0.04405857644894719
2011,21,FHS|HS|FZ0,FHS_VALUE,0.07629911033437314,1.0,-0.15898637833458762,0.27818845680656384,-0.19797906655983782,0.3505772872285841,FHS,HS,FZ0,252,
2011,21,FHS|HS|BRIER2,FHS_VALUE,0.0019045358870798024,1.0,-0.007573022244750417,0.011362492582217101,-0.010553467025592126,0.014362538799751731,FHS,HS,BRIER2,252,0.011142289435838108
2011,21,FHS|HS|BRIER5,FHS_VALUE,0.0015952088922124264,1.0,-0.00024014183061102292,0.003154701630045899,-0.0005405304852146773,0.00373094826963953,FHS,HS,BRIER5,252,0.03035387679102962
2011,21,FHS|HS|DD_MSE,FHS_VALUE,3.136079440977804e-05,1.0,-2.6892082969732124e-05,9.03727779477624e-05,-4.013960302205334e-05,0.00010286119184160943,FHS,HS,DD_MSE,252,0.0737121184099051
2015_2016,21,FHS|HS|PINBALL,FHS_VALUE,0.0001689417624391797,1.0,-0.0003238403930856951,0.0005702753694191962,-0.00037074724166325136,0.0007086307665416108,FHS,HS,PINBALL,504,0.055648834266236236
2015_2016,21,FHS|HS|FZ0,FHS_VALUE,0.0847354997537606,1.0,-0.22930513149097317,0.33794877004018664,-0.2698730004865339,0.4393439999940551,FHS,HS,FZ0,504,
2015_2016,21,FHS|HS|BRIER2,FHS_VALUE,-0.0014637669557574391,1.0,-0.008786833623860164,0.006215005591471891,-0.010468049655956024,0.007540515744441146,FHS,HS,BRIER2,504,-0.011665351790589635
2015_2016,21,FHS|HS|BRIER5,FHS_VALUE,-0.000538989950466992,1.0,-0.0035333596492884184,0.0016089243656432627,-0.003692771146843034,0.0026147912459090496,FHS,HS,BRIER5,504,-0.024805540748990294
2015_2016,21,FHS|HS|DD_MSE,FHS_VALUE,3.4573551815964265e-06,1.0,-6.883985590229553e-05,5.9635844557587426e-05,-7.455640923207171e-05,8.147111959526458e-05,FHS,HS,DD_MSE,504,0.009609987718609212
2018Q4,21,FHS|HS|PINBALL,FHS_VALUE,0.00042477483171562454,0.9819909954977488,-0.0031186576793965333,0.0032308457183565756,-0.003499278252593341,0.00434882791602459,FHS,HS,PINBALL,63,0.08665500009851833
2018Q4,21,FHS|HS|FZ0,FHS_VALUE,-0.0883560566556721,0.9819909954977488,-2.1000881450379834,1.101932674700686,-2.121390747639921,1.9446786343285767,FHS,HS,FZ0,63,
2018Q4,21,FHS|HS|BRIER2,FHS_VALUE,0.014961132373082987,0.9819909954977488,-0.04031302141786477,0.03474235532091674,-0.027542312143969395,0.05746457689013537,FHS,HS,BRIER2,63,0.04249790894235338
2018Q4,21,FHS|HS|BRIER5,FHS_VALUE,0.002581280634937229,0.9819909954977488,-0.007434635652117138,0.013141332888975319,-0.0095632913645406,0.01472585263441506,FHS,HS,BRIER5,63,0.021691457225936718
2018Q4,21,FHS|HS|DD_MSE,FHS_VALUE,0.0001502806732686723,0.9819909954977488,-0.0001346897757229301,0.00035602838563282964,-0.00013897026764212583,0.0004395316141794704,FHS,HS,DD_MSE,63,0.1626052633338819
COVID,21,FHS|HS|PINBALL,FHS_VALUE,0.001933111867745237,0.9984992496248124,-0.003287513695944239,0.009419265280368717,-0.005832220436986596,0.00969844417247707,FHS,HS,PINBALL,93,0.20258420537074992
COVID,21,FHS|HS|FZ0,FHS_VALUE,0.5910114374481669,0.9984992496248124,-1.1206557607838732,2.885854757285296,-1.9382412943919105,3.1202641692882445,FHS,HS,FZ0,93,
COVID,21,FHS|HS|BRIER2,FHS_VALUE,-0.006139059996596565,0.9984992496248124,-0.04662316056539358,0.04224906043795106,-0.05595461139960755,0.04367649140641442,FHS,HS,BRIER2,93,-0.03747277353392467
COVID,21,FHS|HS|BRIER5,FHS_VALUE,0.001766670680051751,0.9984992496248124,-0.0313501163560089,0.043919162083484106,-0.04037678993211686,0.04391013129222036,FHS,HS,BRIER5,93,0.015910723926012556
COVID,21,FHS|HS|DD_MSE,FHS_VALUE,0.0002966606975648566,0.9984992496248124,-0.0004793015805825165,0.0014363272563511647,-0.0008333926263025667,0.00142671402143228,FHS,HS,DD_MSE,93,0.16301112242167864
2022,21,FHS|HS|PINBALL,FHS_VALUE,0.0006903091177150456,1.0,-0.00016257525390947432,0.0017678883276572295,-0.0004843217342846022,0.0018649399697146934,FHS,HS,PINBALL,251,0.1276504855799056
2022,21,FHS|HS|FZ0,FHS_VALUE,0.2361075248129174,1.0,-0.06287504259673382,0.626052518429996,-0.18824479151784745,0.6604598411436823,FHS,HS,FZ0,251,
2022,21,FHS|HS|BRIER2,FHS_VALUE,0.01805836167551268,1.0,0.005851353173925651,0.030968471778697052,0.0024317633604164918,0.033684959990608866,FHS,HS,BRIER2,251,0.0630242995619564
2022,21,FHS|HS|BRIER5,FHS_VALUE,0.0032737247032562093,1.0,-0.0019359029982192733,0.009341795858876824,-0.0036031470061642754,0.010150596412676694,FHS,HS,BRIER5,251,0.027478258333632415
2022,21,FHS|HS|DD_MSE,FHS_VALUE,0.00018670925751169764,1.0,6.921091471192866e-05,0.0003133641758211202,3.803002423227294e-05,0.0003353884907911223,FHS,HS,DD_MSE,251,0.2145696633468666
2023_PLUS,21,FHS|HS|PINBALL,FHS_VALUE,2.6265991455136272e-05,1.0,-0.00015669058134024742,0.00021078688562315795,-0.00020138741947854627,0.00025391940238881885,FHS,HS,PINBALL,911,0.008815431464459194
2023_PLUS,21,FHS|HS|FZ0,FHS_VALUE,0.05721178448135881,1.0,-0.027316844651522655,0.14085148500530456,-0.04808564508631665,0.16250921404903426,FHS,HS,FZ0,911,
2023_PLUS,21,FHS|HS|BRIER2,FHS_VALUE,-0.00048661584554358055,1.0,-0.003927534513930592,0.002686222462052519,-0.004600560449742779,0.0036273287586556175,FHS,HS,BRIER2,911,-0.0037386633348283718
2023_PLUS,21,FHS|HS|BRIER5,FHS_VALUE,-0.00017966126003843744,1.0,-0.0009513274136593826,0.0005097698750658119,-0.0011150388354932341,0.0007557163154163593,FHS,HS,BRIER5,911,-0.010125272370081023
2023_PLUS,21,FHS|HS|DD_MSE,FHS_VALUE,5.4498672791191815e-06,1.0,-2.2311859831684416e-05,3.4039193205816204e-05,-2.991095736929759e-05,4.0810691927535955e-05,FHS,HS,DD_MSE,911,0.020055432935877707
2024_PLUS,21,FHS|HS|PINBALL,FHS_VALUE,3.1603285410629276e-05,1.0,-0.000210093460702756,0.00026836033620035465,-0.00025240930161854914,0.0003156158724398077,FHS,HS,PINBALL,661,0.010243112754059315
2024_PLUS,21,FHS|HS|FZ0,FHS_VALUE,0.06130946908742573,1.0,-0.04930133558780814,0.16754707392708224,-0.07045634689370797,0.19307528506855945,FHS,HS,FZ0,661,
2024_PLUS,21,FHS|HS|BRIER2,FHS_VALUE,0.00010234511788806254,1.0,-0.004409238092460795,0.004105750278721053,-0.004905728591092707,0.0051104188268688315,FHS,HS,BRIER2,661,0.0007415270037749889
2024_PLUS,21,FHS|HS|BRIER5,FHS_VALUE,-0.0003261255528243118,1.0,-0.001336475287898232,0.0005986189236704652,-0.0015014621471730544,0.0008492110415244309,FHS,HS,BRIER5,661,-0.013679578122747983
2024_PLUS,21,FHS|HS|DD_MSE,FHS_VALUE,5.405341728260506e-06,1.0,-3.2051916789869615e-05,4.323491951491473e-05,-4.008168313431074e-05,5.089236659083176e-05,FHS,HS,DD_MSE,661,0.016961437279344186
EX_MAJOR_SHOCKS,21,FHS|HS|PINBALL,FHS_VALUE,0.00023029053545698837,1.0,0.0001109676657624408,0.00034334768061976034,8.838495853276244e-05,0.0003721961123812143,FHS,HS,PINBALL,3972,0.07736095848538391
EX_MAJOR_SHOCKS,21,FHS|HS|FZ0,FHS_VALUE,0.143395863378982,1.0,0.07289050145921215,0.2091978379397369,0.05959316144123375,0.22719856531673024,FHS,HS,FZ0,3972,
EX_MAJOR_SHOCKS,21,FHS|HS|BRIER2,FHS_VALUE,0.003926352629024614,1.0,0.001556863680802839,0.006378785478797144,0.000992270534339945,0.006860434723709282,FHS,HS,BRIER2,3972,0.03159386655882155
EX_MAJOR_SHOCKS,21,FHS|HS|BRIER5,FHS_VALUE,0.00048731692110499085,1.0,-1.740219882709266e-05,0.0009470862948023419,-0.00010312779655379602,0.0010777616387637778,FHS,HS,BRIER5,3972,0.025497561153757942
EX_MAJOR_SHOCKS,21,FHS|HS|DD_MSE,FHS_VALUE,3.8277332386558815e-05,1.0,2.2666341904009217e-05,5.3644500047507846e-05,1.905329676528302e-05,5.7501368007834605e-05,FHS,HS,DD_MSE,3972,0.1339841811845996
NONOVERLAP5_0,21,FHS|HS|PINBALL,FHS_VALUE,0.0002267559518107359,1.0,1.6876908332316646e-05,0.0004402491100692217,-3.5566763164346284e-05,0.0004890786667858181,FHS,HS,PINBALL,1017,0.06351183874559121
NONOVERLAP5_0,21,FHS|HS|FZ0,FHS_VALUE,0.12066336436781984,1.0,0.0062002686390822195,0.23171683349054562,-0.01859131992849379,0.2599180486641335,FHS,HS,FZ0,1017,
NONOVERLAP5_0,21,FHS|HS|BRIER2,FHS_VALUE,0.005077832500621049,1.0,0.002064353672640332,0.007946601857467967,0.0013732621004011502,0.008782402900840949,FHS,HS,BRIER2,1017,0.03614450467609944
NONOVERLAP5_0,21,FHS|HS|BRIER5,FHS_VALUE,0.0003616771590656215,1.0,-0.0008968441033799106,0.0017918167580889715,-0.0013138247302724006,0.0020371790484036436,FHS,HS,BRIER5,1017,0.011457823860737881
NONOVERLAP5_0,21,FHS|HS|DD_MSE,FHS_VALUE,7.171232235720752e-05,1.0,3.817179710827719e-05,0.00011264103451659079,2.4208218358832835e-05,0.00011921642635558219,FHS,HS,DD_MSE,1017,0.1761321481341088
NONOVERLAP5_1,21,FHS|HS|PINBALL,FHS_VALUE,0.00029549931491726133,1.0,7.410499656646418e-05,0.0005323996622943086,1.1504456762401357e-05,0.0005794941730721214,FHS,HS,PINBALL,1017,0.0830088752114418
NONOVERLAP5_1,21,FHS|HS|FZ0,FHS_VALUE,0.13955000753615307,1.0,0.03422984518631241,0.23823864088190072,0.012354898100326167,0.26674511697198,FHS,HS,FZ0,1017,
NONOVERLAP5_1,21,FHS|HS|BRIER2,FHS_VALUE,0.005058918916872247,1.0,0.0016944519962508128,0.00831663627780055,0.000902241335584795,0.0092155964981597,FHS,HS,BRIER2,1017,0.034892188070326534
NONOVERLAP5_1,21,FHS|HS|BRIER5,FHS_VALUE,0.0018613706701408508,1.0,0.00018214434905381387,0.0038162305835366802,-0.0004876407773771725,0.004210382117658874,FHS,HS,BRIER5,1017,0.04922645328820249
NONOVERLAP5_1,21,FHS|HS|DD_MSE,FHS_VALUE,7.612725947806207e-05,1.0,3.566439816739492e-05,0.00012650940353454418,1.9126524375374183e-05,0.00013312799458074995,FHS,HS,DD_MSE,1017,0.18367643138023784
NONOVERLAP5_2,21,FHS|HS|PINBALL,FHS_VALUE,0.0004136773666954133,1.0,0.00011551168193401093,0.0007522134187403257,1.793034025400871e-05,0.0008094243931368178,FHS,HS,PINBALL,1017,0.11966455870990328
NONOVERLAP5_2,21,FHS|HS|FZ0,FHS_VALUE,0.18902848269107775,1.0,0.06571771978235544,0.3222606326966322,0.031885920379325805,0.3461710450028297,FHS,HS,FZ0,1017,
NONOVERLAP5_2,21,FHS|HS|BRIER2,FHS_VALUE,0.0044897736114699925,1.0,0.0011729043555672404,0.0079016151656886,0.00027601003712206165,0.008703537185817924,FHS,HS,BRIER2,1017,0.03155343043789687
NONOVERLAP5_2,21,FHS|HS|BRIER5,FHS_VALUE,0.0016032838063712574,1.0,3.203080695645366e-05,0.0034121413539025263,-0.0005449978027881753,0.00375156541553069,FHS,HS,BRIER5,1017,0.04672651373395363
NONOVERLAP5_2,21,FHS|HS|DD_MSE,FHS_VALUE,8.083494404895822e-05,1.0,3.478465512028371e-05,0.00014353140760028053,1.2960011768082478e-05,0.00014870987632983396,FHS,HS,DD_MSE,1017,0.1923445512588179
NONOVERLAP5_3,21,FHS|HS|PINBALL,FHS_VALUE,0.0004214815672891865,1.0,0.0001537941486414519,0.0007535055627856768,5.575499216899625e-05,0.0007872081424093768,FHS,HS,PINBALL,1018,0.12393490350554327
NONOVERLAP5_3,21,FHS|HS|FZ0,FHS_VALUE,0.1977325509084095,1.0,0.09184051476404907,0.3147690926070591,0.0598359137749766,0.3356291880418424,FHS,HS,FZ0,1018,
NONOVERLAP5_3,21,FHS|HS|BRIER2,FHS_VALUE,0.0050349183155790015,1.0,0.0016241008837038044,0.00830283933186168,0.000959025996592605,0.009110810634565397,FHS,HS,BRIER2,1018,0.034747763783615625
NONOVERLAP5_3,21,FHS|HS|BRIER5,FHS_VALUE,0.0014217797982595357,1.0,-0.0002396406133077234,0.0033992108250566057,-0.0008181323375979091,0.0036616919341169807,FHS,HS,BRIER5,1018,0.04922482978833531
NONOVERLAP5_3,21,FHS|HS|DD_MSE,FHS_VALUE,8.664073617657716e-05,1.0,4.0747338420701166e-05,0.00014747745319428199,2.1090825294240245e-05,0.00015219064705891406,FHS,HS,DD_MSE,1018,0.20779845859320958
NONOVERLAP5_4,21,FHS|HS|PINBALL,FHS_VALUE,0.00039971047665682816,1.0,0.00011597141761860443,0.0007604309490470776,2.2803342865877893e-05,0.0007766176104477784,FHS,HS,PINBALL,1018,0.11546754471300477
NONOVERLAP5_4,21,FHS|HS|FZ0,FHS_VALUE,0.18447618404614452,1.0,0.08190063065649904,0.30307134803476443,0.05084324803706572,0.3181091200552233,FHS,HS,FZ0,1018,
NONOVERLAP5_4,21,FHS|HS|BRIER2,FHS_VALUE,0.005797224576952658,1.0,0.0026005187728189985,0.009120916368217566,0.0018184861402248571,0.009775963013680458,FHS,HS,BRIER2,1018,0.04237158263608834
NONOVERLAP5_4,21,FHS|HS|BRIER5,FHS_VALUE,0.002548281682760361,1.0,0.0002786106355580443,0.005516528693630153,-0.0006720060957018433,0.005768569461222566,FHS,HS,BRIER5,1018,0.06595793450217566
NONOVERLAP5_4,21,FHS|HS|DD_MSE,FHS_VALUE,8.388270870812712e-05,1.0,3.7596901083219674e-05,0.00014660740302262107,1.78804404826669e-05,0.00014988497693358733,FHS,HS,DD_MSE,1018,0.20335800016783864
ALL,42,FHS|HS|PINBALL,FHS_VALUE,0.00035144819912102433,1.0,0.00012731082939295842,0.0006541836688056145,4.3803356074913235e-05,0.0006590930421671354,FHS,HS,PINBALL,5087,0.10070434349360426
ALL,42,FHS|HS|FZ0,FHS_VALUE,0.16629987385628117,1.0,0.07119162383932781,0.2774062862488105,0.04442051455999722,0.2881792331525651,FHS,HS,FZ0,5087,
ALL,42,FHS|HS|BRIER2,FHS_VALUE,0.00509186110065911,1.0,0.0023499728751100683,0.00810532704305169,0.0017591523592094126,0.008424569842108808,FHS,HS,BRIER2,5087,0.035884408259374875
ALL,42,FHS|HS|BRIER5,FHS_VALUE,0.001559446011610145,1.0,9.73913926313712e-05,0.003738004889961691,-0.0006066346468804997,0.00372552667010079,FHS,HS,BRIER5,5087,0.04554248474279942
ALL,42,FHS|HS|DD_MSE,FHS_VALUE,7.984172591250019e-05,1.0,3.656796936129008e-05,0.00014599158720115084,1.4974969111501832e-05,0.00014470848271349855,FHS,HS,DD_MSE,5087,0.19273238864813652
PRE2020,42,FHS|HS|PINBALL,FHS_VALUE,0.0004344945875527839,1.0,0.00015177542277925373,0.0008296403651662507,3.1577528225942614e-05,0.0008374116468796251,FHS,HS,PINBALL,3420,0.12883937367368983
PRE2020,42,FHS|HS|FZ0,FHS_VALUE,0.2040782629638608,1.0,0.07765586073683069,0.36172838003081614,0.0395388062302226,0.368617719697499,FHS,HS,FZ0,3420,
PRE2020,42,FHS|HS|BRIER2,FHS_VALUE,0.006274124861912329,1.0,0.002829317536032676,0.010140561170406298,0.0018700180968008635,0.010678231627023794,FHS,HS,BRIER2,3420,0.04678878533496559
PRE2020,42,FHS|HS|BRIER5,FHS_VALUE,0.0022396285227264793,1.0,0.0002992473275539772,0.005262143798068878,-0.0007810790701892564,0.005260336115642215,FHS,HS,BRIER5,3420,0.07094985674092295
PRE2020,42,FHS|HS|DD_MSE,FHS_VALUE,9.408171293079702e-05,1.0,3.725329746370735e-05,0.00018219570062570495,3.5679810305216584e-06,0.00018459544483107238,FHS,HS,DD_MSE,3420,0.23931229811521024
GFC,42,FHS|HS|PINBALL,FHS_VALUE,0.0007518501125188443,1.0,-0.00030534703440812747,0.0025001761470344486,-0.0008464552085709309,0.0023501554336086195,FHS,HS,PINBALL,756,0.15804495125371323
GFC,42,FHS|HS|FZ0,FHS_VALUE,0.2530230390478219,1.0,-0.1752287413051272,0.8737045657513474,-0.32966066839063396,0.8357067464862777,FHS,HS,FZ0,756,
GFC,42,FHS|HS|BRIER2,FHS_VALUE,0.008675279544271835,1.0,-0.0016946036987418745,0.022548282012908046,-0.004620870093288921,0.02197142918183259,FHS,HS,BRIER2,756,0.04800991060628716
GFC,42,FHS|HS|BRIER5,FHS_VALUE,0.0067877280564017425,1.0,-0.001255469730342219,0.020050350488447582,-0.005638893007902353,0.01921434912070584,FHS,HS,BRIER5,756,0.09289569519497932
GFC,42,FHS|HS|DD_MSE,FHS_VALUE,0.00023875480257144578,1.0,9.321573283332148e-06,0.0006361354300878821,-0.00012843960584703543,0.000605949210989927,FHS,HS,DD_MSE,756,0.316072342796263
2011,42,FHS|HS|PINBALL,FHS_VALUE,0.0001648907508639073,0.9994997498749375,-0.00028446408372975014,0.0005388149268165175,-0.00039006724314593884,0.0007198487448737534,FHS,HS,PINBALL,252,0.04405857644894719
2011,42,FHS|HS|FZ0,FHS_VALUE,0.07629911033437314,0.9994997498749375,-0.18002838613086322,0.29167593507249384,-0.24380704009989357,0.39640526076863986,FHS,HS,FZ0,252,
2011,42,FHS|HS|BRIER2,FHS_VALUE,0.0019045358870798024,0.9994997498749375,-0.006073826420189573,0.010845424784673803,-0.009582386548419475,0.01339145832257908,FHS,HS,BRIER2,252,0.011142289435838108
2011,42,FHS|HS|BRIER5,FHS_VALUE,0.0015952088922124264,0.9994997498749375,0.00026715257252759043,0.0030274622344588454,-0.000244375336331608,0.0034347931207564606,FHS,HS,BRIER5,252,0.03035387679102962
2011,42,FHS|HS|DD_MSE,FHS_VALUE,3.136079440977804e-05,0.9994997498749375,-1.384924987223062e-05,8.761134295427708e-05,-3.60507309880895e-05,9.877231980764558e-05,FHS,HS,DD_MSE,252,0.0737121184099051
2015_2016,42,FHS|HS|PINBALL,FHS_VALUE,0.0001689417624391797,1.0,-0.0003773808623411259,0.0005734938196728682,-0.0004009856917676186,0.0007388692166459779,FHS,HS,PINBALL,504,0.055648834266236236
2015_2016,42,FHS|HS|FZ0,FHS_VALUE,0.0847354997537606,1.0,-0.26600374553306705,0.3466988338915918,-0.28476534314574603,0.45423634265326723,FHS,HS,FZ0,504,
2015_2016,42,FHS|HS|BRIER2,FHS_VALUE,-0.0014637669557574391,1.0,-0.007848415476002136,0.005237982404662938,-0.009277366804509293,0.006349832892994415,FHS,HS,BRIER2,504,-0.011665351790589635
2015_2016,42,FHS|HS|BRIER5,FHS_VALUE,-0.000538989950466992,1.0,-0.0038924477262556926,0.0015864681408394058,-0.00392398981995064,0.002846009919016656,FHS,HS,BRIER5,504,-0.024805540748990294
2015_2016,42,FHS|HS|DD_MSE,FHS_VALUE,3.4573551815964265e-06,1.0,-7.272516728825899e-05,5.908385756703123e-05,-7.738995890261904e-05,8.43046692658119e-05,FHS,HS,DD_MSE,504,0.009609987718609212
2018Q4,42,FHS|HS|PINBALL,FHS_VALUE,0.00042477483171562454,0.9214607303651826,,,,,FHS,HS,PINBALL,63,0.08665500009851833
2018Q4,42,FHS|HS|FZ0,FHS_VALUE,-0.0883560566556721,0.9214607303651826,,,,,FHS,HS,FZ0,63,
2018Q4,42,FHS|HS|BRIER2,FHS_VALUE,0.014961132373082987,0.9214607303651826,,,,,FHS,HS,BRIER2,63,0.04249790894235338
2018Q4,42,FHS|HS|BRIER5,FHS_VALUE,0.002581280634937229,0.9214607303651826,,,,,FHS,HS,BRIER5,63,0.021691457225936718
2018Q4,42,FHS|HS|DD_MSE,FHS_VALUE,0.0001502806732686723,0.9214607303651826,,,,,FHS,HS,DD_MSE,63,0.1626052633338819
COVID,42,FHS|HS|PINBALL,FHS_VALUE,0.001933111867745237,0.9609804902451226,-0.0027145590329321354,0.011003836468176723,-0.006613352668849698,0.010479576404340172,FHS,HS,PINBALL,93,0.20258420537074992
COVID,42,FHS|HS|FZ0,FHS_VALUE,0.5910114374481669,0.9609804902451226,-0.8984030618142922,3.0837644805372393,-2.3492821264439345,3.5313050013402685,FHS,HS,FZ0,93,
COVID,42,FHS|HS|BRIER2,FHS_VALUE,-0.006139059996596565,0.9609804902451226,-0.03751679524374183,0.057190340624312254,-0.05753155721005641,0.04525343721686328,FHS,HS,BRIER2,93,-0.03747277353392467
COVID,42,FHS|HS|BRIER5,FHS_VALUE,0.001766670680051751,0.9609804902451226,-0.02506994857329334,0.05026316347559643,-0.04139427614717868,0.04492761750728218,FHS,HS,BRIER5,93,0.015910723926012556
COVID,42,FHS|HS|DD_MSE,FHS_VALUE,0.0002966606975648566,0.9609804902451226,-0.00037047419455082253,0.0017337439579646812,-0.00096644992163269,0.0015597713167624031,FHS,HS,DD_MSE,93,0.16301112242167864
2022,42,FHS|HS|PINBALL,FHS_VALUE,0.0006903091177150456,0.9994997498749375,-0.00021357373799214162,0.0018893295460144569,-0.0006100356372583973,0.0019906538726884885,FHS,HS,PINBALL,251,0.1276504855799056
2022,42,FHS|HS|FZ0,FHS_VALUE,0.2361075248129174,0.9994997498749375,-0.09155437810755772,0.6821193685030528,-0.24318873638894434,0.7154037860147792,FHS,HS,FZ0,251,
2022,42,FHS|HS|BRIER2,FHS_VALUE,0.01805836167551268,0.9994997498749375,0.006442073302519571,0.03030338075514315,0.0038751706798698018,0.032241552671155554,FHS,HS,BRIER2,251,0.0630242995619564
2022,42,FHS|HS|BRIER5,FHS_VALUE,0.0032737247032562093,0.9994997498749375,-0.0018819400490763282,0.00988277875295026,-0.003831488760189935,0.010378938166702354,FHS,HS,BRIER5,251,0.027478258333632415
2022,42,FHS|HS|DD_MSE,FHS_VALUE,0.00018670925751169764,0.9994997498749375,7.565510759886507e-05,0.0003203744411341683,3.487886930119533e-05,0.00033853964572219995,FHS,HS,DD_MSE,251,0.2145696633468666
2023_PLUS,42,FHS|HS|PINBALL,FHS_VALUE,2.6265991455136272e-05,1.0,-0.000170095731161211,0.00020132792240516845,-0.000199014983036401,0.00025154696594667357,FHS,HS,PINBALL,911,0.008815431464459194
2023_PLUS,42,FHS|HS|FZ0,FHS_VALUE,0.05721178448135881,1.0,-0.03497416650095871,0.14395346263751396,-0.05157618291336764,0.16599975187608526,FHS,HS,FZ0,911,
2023_PLUS,42,FHS|HS|BRIER2,FHS_VALUE,-0.00048661584554358055,1.0,-0.004143413799441477,0.0024595613634051904,-0.0044327851717281775,0.0034595534806410163,FHS,HS,BRIER2,911,-0.0037386633348283718
2023_PLUS,42,FHS|HS|BRIER5,FHS_VALUE,-0.00017966126003843744,1.0,-0.000995655091778823,0.0005101440368454589,-0.0011094893841445482,0.0007501668640676732,FHS,HS,BRIER5,911,-0.010125272370081023
2023_PLUS,42,FHS|HS|DD_MSE,FHS_VALUE,5.4498672791191815e-06,1.0,-2.0151870701773536e-05,2.7064745983534192e-05,-2.3450276934970782e-05,3.435001149320914e-05,FHS,HS,DD_MSE,911,0.020055432935877707
2024_PLUS,42,FHS|HS|PINBALL,FHS_VALUE,3.1603285410629276e-05,1.0,-0.00022038019366794854,0.0002623782312124687,-0.00027176663323144043,0.00033497320405269897,FHS,HS,PINBALL,661,0.010243112754059315
2024_PLUS,42,FHS|HS|FZ0,FHS_VALUE,0.06130946908742573,1.0,-0.060888776900323946,0.1745337207784376,-0.08716269743056462,0.2097816356054161,FHS,HS,FZ0,661,
2024_PLUS,42,FHS|HS|BRIER2,FHS_VALUE,0.00010234511788806254,1.0,-0.004258775303209629,0.0039243272680302395,-0.005080174105609141,0.005284864341385266,FHS,HS,BRIER2,661,0.0007415270037749889
2024_PLUS,42,FHS|HS|BRIER5,FHS_VALUE,-0.0003261255528243118,1.0,-0.001370541526294401,0.0005249985776327564,-0.0015024075439382405,0.000850156438289617,FHS,HS,BRIER5,661,-0.013679578122747983
2024_PLUS,42,FHS|HS|DD_MSE,FHS_VALUE,5.405341728260506e-06,1.0,-2.6101584824443653e-05,3.404758032073163e-05,-3.293051022379756e-05,4.374119368031858e-05,FHS,HS,DD_MSE,661,0.016961437279344186
EX_MAJOR_SHOCKS,42,FHS|HS|PINBALL,FHS_VALUE,0.00023029053545698837,1.0,0.00010492490436765264,0.00035540055407730137,7.167729934068237e-05,0.00038890377157329436,FHS,HS,PINBALL,3972,0.07736095848538391
EX_MAJOR_SHOCKS,42,FHS|HS|FZ0,FHS_VALUE,0.143395863378982,1.0,0.06598069580135893,0.21755770029900656,0.05120262929449343,0.23558909746347056,FHS,HS,FZ0,3972,
EX_MAJOR_SHOCKS,42,FHS|HS|BRIER2,FHS_VALUE,0.003926352629024614,1.0,0.0014820136674173038,0.00646708250089685,0.0008501840190756386,0.007002521238973589,FHS,HS,BRIER2,3972,0.03159386655882155
EX_MAJOR_SHOCKS,42,FHS|HS|BRIER5,FHS_VALUE,0.00048731692110499085,1.0,-7.696847916630677e-05,0.0009821246626425465,-0.00017012932585292465,0.0011447631680629063,FHS,HS,BRIER5,3972,0.025497561153757942
EX_MAJOR_SHOCKS,42,FHS|HS|DD_MSE,FHS_VALUE,3.8277332386558815e-05,1.0,2.0759018566425892e-05,5.461907052344725e-05,1.723872483198845e-05,5.931593994112918e-05,FHS,HS,DD_MSE,3972,0.1339841811845996
NONOVERLAP5_0,42,FHS|HS|PINBALL,FHS_VALUE,0.0002267559518107359,1.0,2.7866743740347958e-05,0.0004454832739991351,-3.4962928415512365e-05,0.0004884748320369842,FHS,HS,PINBALL,1017,0.06351183874559121
NONOVERLAP5_0,42,FHS|HS|FZ0,FHS_VALUE,0.12066336436781984,1.0,0.007838176404009273,0.23899481847179277,-0.023174802763540267,0.26450153149917993,FHS,HS,FZ0,1017,
NONOVERLAP5_0,42,FHS|HS|BRIER2,FHS_VALUE,0.005077832500621049,1.0,0.0019347194571453048,0.008216122397378435,0.0012179010144089042,0.008937763986833193,FHS,HS,BRIER2,1017,0.03614450467609944
NONOVERLAP5_0,42,FHS|HS|BRIER5,FHS_VALUE,0.0003616771590656215,1.0,-0.0008713198453679731,0.0018194846867103686,-0.0013417959232095472,0.00206515024134079,FHS,HS,BRIER5,1017,0.011457823860737881
NONOVERLAP5_0,42,FHS|HS|DD_MSE,FHS_VALUE,7.171232235720752e-05,1.0,3.649357956412723e-05,0.00012102468178298129,1.8409962112837207e-05,0.00012501468260157783,FHS,HS,DD_MSE,1017,0.1761321481341088
NONOVERLAP5_1,42,FHS|HS|PINBALL,FHS_VALUE,0.00029549931491726133,1.0,7.646076082468107e-05,0.0005679607104674622,-6.4420262381262045e-06,0.0005974406560726489,FHS,HS,PINBALL,1017,0.0830088752114418
NONOVERLAP5_1,42,FHS|HS|FZ0,FHS_VALUE,0.13955000753615307,1.0,0.03832803336526573,0.25145637414065214,0.00908034060632451,0.27001967446598163,FHS,HS,FZ0,1017,
NONOVERLAP5_1,42,FHS|HS|BRIER2,FHS_VALUE,0.005058918916872247,1.0,0.0015445729456296103,0.008701732149387475,0.0006527791359532808,0.009465058697791214,FHS,HS,BRIER2,1017,0.034892188070326534
NONOVERLAP5_1,42,FHS|HS|BRIER5,FHS_VALUE,0.0018613706701408508,1.0,4.7442147705538e-05,0.004266995928990296,-0.0007516892207715634,0.004474430561053265,FHS,HS,BRIER5,1017,0.04922645328820249
NONOVERLAP5_1,42,FHS|HS|DD_MSE,FHS_VALUE,7.612725947806207e-05,1.0,3.356858719948442e-05,0.0001383657841322717,1.0838781961496036e-05,0.0001414157369946281,FHS,HS,DD_MSE,1017,0.18367643138023784
NONOVERLAP5_2,42,FHS|HS|PINBALL,FHS_VALUE,0.0004136773666954133,1.0,0.00010876691162963746,0.0008139690701348953,-1.0056513697465357e-05,0.0008374112470882919,FHS,HS,PINBALL,1017,0.11966455870990328
NONOVERLAP5_2,42,FHS|HS|FZ0,FHS_VALUE,0.18902848269107775,1.0,0.06109520811843286,0.33922724012969,0.025321169802867166,0.35273579557928836,FHS,HS,FZ0,1017,
NONOVERLAP5_2,42,FHS|HS|BRIER2,FHS_VALUE,0.0044897736114699925,1.0,0.0010129482653640292,0.008012106569082161,0.00033468678040741214,0.008644860442532574,FHS,HS,BRIER2,1017,0.03155343043789687
NONOVERLAP5_2,42,FHS|HS|BRIER5,FHS_VALUE,0.0016032838063712574,1.0,2.4386427260556223e-05,0.003671937186431477,-0.0006143742182596289,0.0038209418310021434,FHS,HS,BRIER5,1017,0.04672651373395363
NONOVERLAP5_2,42,FHS|HS|DD_MSE,FHS_VALUE,8.083494404895822e-05,1.0,3.220816379662479e-05,0.0001545473999345005,5.139845912781397e-06,0.00015653004218513504,FHS,HS,DD_MSE,1017,0.1923445512588179
NONOVERLAP5_3,42,FHS|HS|PINBALL,FHS_VALUE,0.0004214815672891865,1.0,0.00015120268535915305,0.0007748598357607926,4.924054970514445e-05,0.0007937225848732286,FHS,HS,PINBALL,1018,0.12393490350554327
NONOVERLAP5_3,42,FHS|HS|FZ0,FHS_VALUE,0.1977325509084095,1.0,0.08785590441182166,0.32364322295348175,0.05515488442554159,0.3403102173912774,FHS,HS,FZ0,1018,
NONOVERLAP5_3,42,FHS|HS|BRIER2,FHS_VALUE,0.0050349183155790015,1.0,0.0016340254292155625,0.008560118069482021,0.0008504356773687419,0.009219400953789262,FHS,HS,BRIER2,1018,0.034747763783615625
NONOVERLAP5_3,42,FHS|HS|BRIER5,FHS_VALUE,0.0014217797982595357,1.0,-0.0001800275814390352,0.003693499215139192,-0.0009129364508877857,0.003756496047406857,FHS,HS,BRIER5,1018,0.04922482978833531
NONOVERLAP5_3,42,FHS|HS|DD_MSE,FHS_VALUE,8.664073617657716e-05,1.0,3.8177459967144916e-05,0.00015963350326437704,1.2625024192145596e-05,0.00016065644816100873,FHS,HS,DD_MSE,1018,0.20779845859320958
NONOVERLAP5_4,42,FHS|HS|PINBALL,FHS_VALUE,0.00039971047665682816,1.0,0.00012459453836909153,0.000767195215824037,7.42488749647742e-06,0.0007919960658171789,FHS,HS,PINBALL,1018,0.11546754471300477
NONOVERLAP5_4,42,FHS|HS|FZ0,FHS_VALUE,0.18447618404614452,1.0,0.08107302271224609,0.30387508228517374,0.04838092408315736,0.3205714440091317,FHS,HS,FZ0,1018,
NONOVERLAP5_4,42,FHS|HS|BRIER2,FHS_VALUE,0.005797224576952658,1.0,0.002510153568459496,0.009280037220087616,0.0017072434035116718,0.009887205750393643,FHS,HS,BRIER2,1018,0.04237158263608834
NONOVERLAP5_4,42,FHS|HS|BRIER5,FHS_VALUE,0.002548281682760361,1.0,0.00012585122561136334,0.006172703763285959,-0.001152875041928971,0.006249438407449693,FHS,HS,BRIER5,1018,0.06595793450217566
NONOVERLAP5_4,42,FHS|HS|DD_MSE,FHS_VALUE,8.388270870812712e-05,1.0,3.511090303522134e-05,0.00015763677001657912,9.404488437000257e-06,0.00015836092897925398,FHS,HS,DD_MSE,1018,0.20335800016783864
